id,conversation_id,created_at,date,time,timezone,user_id,username,name,place,tweet,language,mentions,urls,photos,replies_count,retweets_count,likes_count,hashtags,cashtags,link,retweet,quote_url,video,thumbnail,near,geo,source,user_rt_id,user_rt,retweet_id,reply_to,retweet_date,translate,trans_src,trans_dest
1.42694E+18,1.42694E+18,2021-08-15 17:10:48 Morocco Daylight Time,8/15/2021,5:10:48 PM,100,3043331595,marocamar,Ali Amar,,"RT @LeDesk_ma: 7 380 nouveaux cas de Covid-19 au Maroc, 84 décès enregistrés en 24 heures  https://t.co/h0oTe8Z6vY via @LeDesk_ma #LeDesk #M…",fr,"[{'screen_name': 'ledesk_ma', 'name': 'le desk', 'id': '2994407410'}, {'screen_name': 'ledesk_ma', 'name': 'le desk', 'id': '2994407410'}]",['https://ledesk.ma/live-content/7-380-nouveaux-cas-de-covid-19-au-maroc-84-deces-enregistres-en-24-heures/'],[],0,1,0,['ledesk'],[],https://twitter.com/MarocAmar/status/1426939440182747140,TRUE,,0,,,,,2994407410,"7 380 nouveaux cas de Covid-19 au Maroc, 84 décès enregistrés en 24 heures https://t.co/h0oTe8Z6vY via @LeDesk_ma #LeDesk #Maroc #Covid19",1.42694E+18,[],2021-08-15 17:10:28 Morocco Daylight Time,,,
1.42693E+18,1.42693E+18,2021-08-15 16:40:37 Morocco Daylight Time,8/15/2021,4:40:37 PM,100,1239624307,lepridateur,bachir rifi,,RT @Le360fr: Bilan du jour #COVID19 #Maroc ⚫️ 84 décès  🔴 7.380 nouveaux cas 🟡 81.209 cas actifs 🟢 9.272 guérisons   https://t.co/KTVQM1fYZq,fr,"[{'screen_name': 'le360fr', 'name': 'le360', 'id': '1010998194'}]",['https://fr.le360.ma/societe/coronavirus-au-maroc-84-deces-7380-nouvelles-contaminations-et-81209-cas-actifs-243827'],[],0,1,0,"['covid19', 'maroc']",[],https://twitter.com/lepridateur/status/1426931846282088450,TRUE,,0,,,,,1010998194,"Bilan du jour #COVID19 #Maroc
⚫️ 84 décès 
🔴 7.380 nouveaux cas
🟡 81.209 cas actifs
🟢 9.272 guérisons 
https://t.co/KTVQM1fYZq",1.42693E+18,[],2021-08-15 16:37:04 Morocco Daylight Time,,,
1.42689E+18,1.42689E+18,2021-08-15 14:13:47 Morocco Daylight Time,8/15/2021,2:13:47 PM,100,1377289975,meriemcharik,مريم,,"RT @oumyehia: When #COVID19 is an old story, we will all need this....#MoroccanTea in the garden #Maroc #Morocco",en,"[{'screen_name': 'oumyehia', 'name': 'drmimi/getvaccinatednow/shoukran.thanks.merci', 'id': '706371686'}]",[],[],0,3,0,"['covid19', 'moroccantea', 'maroc', 'morocco']",[],https://twitter.com/MeriemCharik/status/1426894892672897030,TRUE,https://twitter.com/iMOROCCO__ShotS/status/1426214434054230016,0,,,,,706371686,"When #COVID19 is an old story, we will all need this....#MoroccanTea in the garden #Maroc #Morocco",1.4266E+18,[],2021-08-14 18:28:20 Morocco Daylight Time,,,
1.42689E+18,1.42689E+18,2021-08-15 14:05:36 Morocco Daylight Time,8/15/2021,2:05:36 PM,100,436987962,algeriafaradase,Ramdane SADI,,RT @ObservAlgerie: Le Maroc va vacciner avec Pfizer : Un vaccin reconnu partout en Europe Lire l'article 👉  https://t.co/ly2qwk1uif  #Maroc…,fr,"[{'screen_name': 'observalgerie', 'name': 'observalgérie', 'id': '782934172243492864'}]",['https://observalgerie.com/2021/08/14/societe/le-maroc-va-vacciner-avec-pfizer-un-vaccin-reconnu-partout-en-europe/'],[],0,2,0,['maroc'],[],https://twitter.com/AlgeriaFaraDaSe/status/1426892833244463108,TRUE,,0,,,,,7.82934E+17,"Le Maroc va vacciner avec Pfizer : Un vaccin reconnu partout en Europe
Lire l'article 👉 https://t.co/ly2qwk1uif

#Maroc #Vaccin #COVID19 #Pfizer https://t.co/5mGvLtmIcR",1.4266E+18,[],2021-08-14 18:58:55 Morocco Daylight Time,,,
1.42684E+18,1.42684E+18,2021-08-15 10:47:09 Morocco Daylight Time,8/15/2021,10:47:09 AM,100,486081656,haleighann00,hind abdallh,,"RT @oumyehia: When #COVID19 is an old story, we will all need this....#MoroccanTea in the garden #Maroc #Morocco  https://t.co/1eOBWr8W4p",en,"[{'screen_name': 'oumyehia', 'name': 'drmimi/getvaccinatednow/shoukran.thanks.merci', 'id': '706371686'}]",[],[],0,3,0,"['covid19', 'moroccantea', 'maroc', 'morocco']",[],https://twitter.com/haleighann00/status/1426842893596205059,TRUE,https://twitter.com/iMOROCCO__ShotS/status/1426214434054230016,0,,,,,706371686,"When #COVID19 is an old story, we will all need this....#MoroccanTea in the garden #Maroc #Morocco",1.4266E+18,[],2021-08-14 18:28:20 Morocco Daylight Time,,,
1.42661E+18,1.42661E+18,2021-08-14 19:11:46 Morocco Daylight Time,8/14/2021,7:11:46 PM,100,1.37696E+18,imorocco__shots,مــرآة المملكــة المــغربيـة الــساحـرة 🇲🇦,,"RT @oumyehia: When #COVID19 is an old story, we will all need this....#MoroccanTea in the garden #Maroc #Morocco",en,"[{'screen_name': 'oumyehia', 'name': 'drmimi/getvaccinatednow/shoukran.thanks.merci', 'id': '706371686'}]",[],[],0,3,0,"['covid19', 'moroccantea', 'maroc', 'morocco']",[],https://twitter.com/iMOROCCO__ShotS/status/1426607496320503809,TRUE,https://twitter.com/iMOROCCO__ShotS/status/1426214434054230016,0,,,,,706371686,"When #COVID19 is an old story, we will all need this....#MoroccanTea in the garden #Maroc #Morocco",1.4266E+18,[],2021-08-14 18:28:20 Morocco Daylight Time,,,
1.42661E+18,1.42661E+18,2021-08-14 19:09:47 Morocco Daylight Time,8/14/2021,7:09:47 PM,100,1.10286E+18,mohameddemahom3,mohamed demahom,,RT @ObservAlgerie: Le Maroc va vacciner avec Pfizer : Un vaccin reconnu partout en Europe Lire l'article 👉  https://t.co/ly2qwk1uif  #Maroc…,fr,"[{'screen_name': 'observalgerie', 'name': 'observalgérie', 'id': '782934172243492864'}]",['https://observalgerie.com/2021/08/14/societe/le-maroc-va-vacciner-avec-pfizer-un-vaccin-reconnu-partout-en-europe/'],[],0,2,0,['maroc'],[],https://twitter.com/mohameddemahom3/status/1426606994039902209,TRUE,,0,,,,,7.82934E+17,"Le Maroc va vacciner avec Pfizer : Un vaccin reconnu partout en Europe
Lire l'article 👉 https://t.co/ly2qwk1uif

#Maroc #Vaccin #COVID19 #Pfizer https://t.co/5mGvLtmIcR",1.4266E+18,[],2021-08-14 18:58:55 Morocco Daylight Time,,,
1.42661E+18,1.42661E+18,2021-08-14 19:03:00 Morocco Daylight Time,8/14/2021,7:03:00 PM,100,51709047,adilux,Adilux 🤘🏻,,RT @Artistic_LH: +10.240 de cas +110 de décès 11% de cas actifs (connus) 22.63% de taux de positivité 2242 de cas critiques 52% de taux d'o…,fr,"[{'screen_name': 'artistic_lh', 'name': '𝔻𝕣. 𝕚-fʟᴏʏᴅ ✨', 'id': '924006193286217728'}]",[],[],0,2,0,[],[],https://twitter.com/Adilux/status/1426605287738388481,TRUE,,0,,,,,9.24006E+17,"+10.240 de cas
+110 de décès
11% de cas actifs (connus)
22.63% de taux de positivité
2242 de cas critiques
52% de taux d'occupation des lits de réanimation #COVID19  #Maroc",1.42659E+18,[],2021-08-14 17:49:26 Morocco Daylight Time,,,
1.42659E+18,1.42659E+18,2021-08-14 17:52:29 Morocco Daylight Time,8/14/2021,5:52:29 PM,100,7.40127E+17,casakhasra,Casakhasra,,RT @Artistic_LH: +10.240 de cas +110 de décès 11% de cas actifs (connus) 22.63% de taux de positivité 2242 de cas critiques 52% de taux d'o…,fr,"[{'screen_name': 'artistic_lh', 'name': '𝔻𝕣. 𝕚-fʟᴏʏᴅ ✨', 'id': '924006193286217728'}]",[],[],0,2,0,[],[],https://twitter.com/casakhasra/status/1426587541973647368,TRUE,,0,,,,,9.24006E+17,"+10.240 de cas
+110 de décès
11% de cas actifs (connus)
22.63% de taux de positivité
2242 de cas critiques
52% de taux d'occupation des lits de réanimation #COVID19  #Maroc",1.42659E+18,[],2021-08-14 17:49:26 Morocco Daylight Time,,,
1.42654E+18,1.42654E+18,2021-08-14 14:46:57 Morocco Daylight Time,8/14/2021,2:46:57 PM,100,1.15023E+18,josephernesto16,Joseph Aroga,,RT @alejojohnson: Morocco 🇲🇦 Reinforces Vaccine Campaign with Pfizer-BioNTech Vaccinations 💉 💉 💉  #Morocco #Maroc #المغرب #Africa #NorthAfr…,en,"[{'screen_name': 'alejojohnson', 'name': 'alejo johnson', 'id': '200743587'}]",[],[],0,1,0,"['morocco', 'maroc', 'المغرب', 'africa']",[],https://twitter.com/JosephErnesto16/status/1426540853103939588,TRUE,,0,,,,,200743587,"Morocco 🇲🇦 Reinforces Vaccine Campaign with Pfizer-BioNTech Vaccinations 💉 💉 💉 
#Morocco #Maroc #المغرب #Africa #NorthAfrica #COVID #COVID19 #pandemic #vaccine #vaccination #Pfizer @pfizer https://t.co/k8mQ1J9ATP",1.42649E+18,[],2021-08-14 11:28:19 Morocco Daylight Time,,,
1.42653E+18,1.42653E+18,2021-08-14 14:19:00 Morocco Daylight Time,8/14/2021,2:19:00 PM,100,3043331595,marocamar,Ali Amar,,RT @LeDesk_ma: La campagne de vaccination élargie aux jeunes âgés de 18 ans et plus (Officiel)  https://t.co/MGRRx7S8tk via @LeDesk_ma #LeDe…,fr,"[{'screen_name': 'ledesk_ma', 'name': 'le desk', 'id': '2994407410'}, {'screen_name': 'ledesk_ma', 'name': 'le desk', 'id': '2994407410'}]",['https://ledesk.ma/encontinu/la-campagne-de-vaccination-elargie-aux-jeunes-ages-de-18-ans-et-plus-officiel/'],[],0,2,0,[],[],https://twitter.com/MarocAmar/status/1426533817112743939,TRUE,,0,,,,,2994407410,La campagne de vaccination élargie aux jeunes âgés de 18 ans et plus (Officiel) https://t.co/MGRRx7S8tk via @LeDesk_ma #LeDesk #Maroc #Covid19,1.42646E+18,[],2021-08-14 09:39:57 Morocco Daylight Time,,,
1.42652E+18,1.42652E+18,2021-08-14 13:05:23 Morocco Daylight Time,8/14/2021,1:05:23 PM,100,3195088127,zakariael94,Zakaria El Berrah,,RT @Ministere_Sante: النشرة  اليومية لنتائج الرصد الوبائي لكوفيد 19  https://t.co/8ZvNEajKUn #grippe #vaccins #نبقاو_على_بال #maroc #نخرجو_ب…,ar,"[{'screen_name': 'ministere_sante', 'name': 'ministère-santé-maroc ministry of health morocco', 'id': '2683723274'}]",['https://bit.ly/2VVeTL5'],[],0,5,0,"['grippe', 'vaccins', 'نبقاو_على_بال', 'maroc']",[],https://twitter.com/ZakariaEl94/status/1426515292264357896,TRUE,,0,,,,,2683723274,"النشرة  اليومية لنتائج الرصد الوبائي لكوفيد 19
https://t.co/8ZvNEajKUn
#grippe #vaccins #نبقاو_على_بال #maroc #نخرجو_بأمان #وقايتنا #COVID19 https://t.co/N2DZxh4da4",1.42621E+18,[],2021-08-13 16:59:38 Morocco Daylight Time,,,
1.42649E+18,1.42649E+18,2021-08-14 11:26:57 Morocco Daylight Time,8/14/2021,11:26:57 AM,100,8.27853E+17,lakhdarabdelila,عبدالإله لخضر,,"RT @DcpEnsSup: توسيع الفئة المستهدفة بالتلقيح ضد كوفيد 19 لتشمل الفئة العمرية ""18 سنة فما فوق"". #التعليم_العالي #البحث_العلمي #كورونا #المغ…",ar,"[{'screen_name': 'dcpenssup', 'name': 'direction de la coopération et du partenariat', 'id': '1143114554601291776'}]",[],[],0,1,0,"['التعليم_العالي', 'البحث_العلمي', 'كورونا']",[],https://twitter.com/LakhdarAbdelila/status/1426490520893861890,TRUE,,0,,,,,1.14311E+18,"توسيع الفئة المستهدفة بالتلقيح ضد كوفيد 19 لتشمل الفئة العمرية ""18 سنة فما فوق"".
#التعليم_العالي #البحث_العلمي #كورونا #المغرب
#DCP #EnseignementSupérieur #RechercheScientifique #CoronaVirus #Covid19 #Maroc https://t.co/U5eNzXUrdb",1.42649E+18,[],2021-08-14 11:11:19 Morocco Daylight Time,,,
1.42647E+18,1.42647E+18,2021-08-14 10:23:44 Morocco Daylight Time,8/14/2021,10:23:44 AM,100,414710036,kmoutaib,Kawthar Moutaïb 🇲🇦,,RT @LeDesk_ma: La campagne de vaccination élargie aux jeunes âgés de 18 ans et plus (Officiel)  https://t.co/MGRRx7S8tk via @LeDesk_ma #LeDe…,fr,"[{'screen_name': 'ledesk_ma', 'name': 'le desk', 'id': '2994407410'}, {'screen_name': 'ledesk_ma', 'name': 'le desk', 'id': '2994407410'}]",['https://ledesk.ma/encontinu/la-campagne-de-vaccination-elargie-aux-jeunes-ages-de-18-ans-et-plus-officiel/'],[],0,2,0,[],[],https://twitter.com/kmoutaib/status/1426474610997014530,TRUE,,0,,,,,2994407410,La campagne de vaccination élargie aux jeunes âgés de 18 ans et plus (Officiel) https://t.co/MGRRx7S8tk via @LeDesk_ma #LeDesk #Maroc #Covid19,1.42646E+18,[],2021-08-14 09:39:57 Morocco Daylight Time,,,
1.42634E+18,1.42634E+18,2021-08-14 01:12:38 Morocco Daylight Time,8/14/2021,1:12:38 AM,100,1.26167E+18,marzok18174520,Marzok,,RT @Ministere_Sante: النشرة  اليومية لنتائج الرصد الوبائي لكوفيد 19  https://t.co/8ZvNEajKUn #grippe #vaccins #نبقاو_على_بال #maroc #نخرجو_ب…,ar,"[{'screen_name': 'ministere_sante', 'name': 'ministère-santé-maroc ministry of health morocco', 'id': '2683723274'}]",['https://bit.ly/2VVeTL5'],[],0,5,0,"['grippe', 'vaccins', 'نبقاو_على_بال', 'maroc']",[],https://twitter.com/Marzok18174520/status/1426335923676004355,TRUE,,0,,,,,2683723274,"النشرة  اليومية لنتائج الرصد الوبائي لكوفيد 19
https://t.co/8ZvNEajKUn
#grippe #vaccins #نبقاو_على_بال #maroc #نخرجو_بأمان #وقايتنا #COVID19 https://t.co/N2DZxh4da4",1.42621E+18,[],2021-08-13 16:59:38 Morocco Daylight Time,,,
1.42629E+18,1.42629E+18,2021-08-13 22:13:20 Morocco Daylight Time,8/13/2021,10:13:20 PM,100,248439814,salomerainbow,Salomé Roussel (⁨שלומית⁩),,"RT @Le360fr: 🇲🇦🦠| Bilan du jour #COVID19 #Maroc  ⚫️  112 décès  🔴  10.752 nouveaux cas 🟡  81.584 cas actifs 🟢  9.895 guérisons  ✅  11,36 mi…",fr,"[{'screen_name': 'le360fr', 'name': 'le360', 'id': '1010998194'}]",[],[],0,2,0,"['covid19', 'maroc']",[],https://twitter.com/Salomerainbow/status/1426290799977840644,TRUE,,0,,,,,1010998194,"🇲🇦🦠| Bilan du jour #COVID19 #Maroc

⚫️  112 décès 
🔴  10.752 nouveaux cas
🟡  81.584 cas actifs
🟢  9.895 guérisons 
✅  11,36 millions de vaccinées

https://t.co/h3xKcqJ6A5",1.42621E+18,[],2021-08-13 17:11:19 Morocco Daylight Time,,,
1.42628E+18,1.42628E+18,2021-08-13 21:24:21 Morocco Daylight Time,8/13/2021,9:24:21 PM,100,9.50006E+17,japhet_tekila,Roi Tekas,,"RT @jeune_afrique: #Dataviz : du roi du #Maroc, Mohammed VI, qui a médiatisé son injection, aux sceptiques comme Andry #Rajoelina, JA a pas…",fr,"[{'screen_name': 'jeune_afrique', 'name': 'jeune afrique', 'id': '88708920'}]",[],[],0,5,0,"['dataviz', 'maroc', 'rajoelina']",[],https://twitter.com/japhet_tekila/status/1426278473270808576,TRUE,,0,,,,,88708920,"#Dataviz : du roi du #Maroc, Mohammed VI, qui a médiatisé son injection, aux sceptiques comme Andry #Rajoelina, JA a passé au crible la situation vaccinale des 54 dirigeants africains 👉🏾 https://t.co/B7RrMeX7To

#COVID19 #vaccin #Sinopharm #Pfizer #AstraZeneca #Moderna #SputnikV https://t.co/ok07bfOso8",1.42627E+18,[],2021-08-13 21:00:01 Morocco Daylight Time,,,
1.42628E+18,1.42628E+18,2021-08-13 21:13:01 Morocco Daylight Time,8/13/2021,9:13:01 PM,100,110784859,xsailor_,Sailor,,"RT @jeune_afrique: #Dataviz : du roi du #Maroc, Mohammed VI, qui a médiatisé son injection, aux sceptiques comme Andry #Rajoelina, JA a pas…",fr,"[{'screen_name': 'jeune_afrique', 'name': 'jeune afrique', 'id': '88708920'}]",[],[],0,5,0,"['dataviz', 'maroc', 'rajoelina']",[],https://twitter.com/xSailor_/status/1426275622515527686,TRUE,,0,,,,,88708920,"#Dataviz : du roi du #Maroc, Mohammed VI, qui a médiatisé son injection, aux sceptiques comme Andry #Rajoelina, JA a passé au crible la situation vaccinale des 54 dirigeants africains 👉🏾 https://t.co/B7RrMeX7To

#COVID19 #vaccin #Sinopharm #Pfizer #AstraZeneca #Moderna #SputnikV https://t.co/ok07bfOso8",1.42627E+18,[],2021-08-13 21:00:01 Morocco Daylight Time,,,
1.42627E+18,1.42627E+18,2021-08-13 21:10:10 Morocco Daylight Time,8/13/2021,9:10:10 PM,100,1.3088E+18,gargamellab,GARGAMELLA BELLETTO,,"RT @jeune_afrique: #Dataviz : du roi du #Maroc, Mohammed VI, qui a médiatisé son injection, aux sceptiques comme Andry #Rajoelina, JA a pas…",fr,"[{'screen_name': 'jeune_afrique', 'name': 'jeune afrique', 'id': '88708920'}]",[],[],0,5,0,"['dataviz', 'maroc', 'rajoelina']",[],https://twitter.com/GargamellaB/status/1426274903284752388,TRUE,,0,,,,,88708920,"#Dataviz : du roi du #Maroc, Mohammed VI, qui a médiatisé son injection, aux sceptiques comme Andry #Rajoelina, JA a passé au crible la situation vaccinale des 54 dirigeants africains 👉🏾 https://t.co/B7RrMeX7To

#COVID19 #vaccin #Sinopharm #Pfizer #AstraZeneca #Moderna #SputnikV https://t.co/ok07bfOso8",1.42627E+18,[],2021-08-13 21:00:01 Morocco Daylight Time,,,
1.42627E+18,1.42627E+18,2021-08-13 21:05:14 Morocco Daylight Time,8/13/2021,9:05:14 PM,100,1.23711E+18,montoutdenk,denk montout,,"RT @jeune_afrique: #Dataviz : du roi du #Maroc, Mohammed VI, qui a médiatisé son injection, aux sceptiques comme Andry #Rajoelina, JA a pas…",fr,"[{'screen_name': 'jeune_afrique', 'name': 'jeune afrique', 'id': '88708920'}]",[],[],0,5,0,"['dataviz', 'maroc', 'rajoelina']",[],https://twitter.com/MontoutDenk/status/1426273663238746115,TRUE,,0,,,,,88708920,"#Dataviz : du roi du #Maroc, Mohammed VI, qui a médiatisé son injection, aux sceptiques comme Andry #Rajoelina, JA a passé au crible la situation vaccinale des 54 dirigeants africains 👉🏾 https://t.co/B7RrMeX7To

#COVID19 #vaccin #Sinopharm #Pfizer #AstraZeneca #Moderna #SputnikV https://t.co/ok07bfOso8",1.42627E+18,[],2021-08-13 21:00:01 Morocco Daylight Time,,,
1.42627E+18,1.42627E+18,2021-08-13 21:04:18 Morocco Daylight Time,8/13/2021,9:04:18 PM,100,457647730,zossatrn,Niko.Snow.8888,,"RT @jeune_afrique: #Dataviz : du roi du #Maroc, Mohammed VI, qui a médiatisé son injection, aux sceptiques comme Andry #Rajoelina, JA a pas…",fr,"[{'screen_name': 'jeune_afrique', 'name': 'jeune afrique', 'id': '88708920'}]",[],[],0,5,0,"['dataviz', 'maroc', 'rajoelina']",[],https://twitter.com/ZOSSATRN/status/1426273427149688832,TRUE,,0,,,,,88708920,"#Dataviz : du roi du #Maroc, Mohammed VI, qui a médiatisé son injection, aux sceptiques comme Andry #Rajoelina, JA a passé au crible la situation vaccinale des 54 dirigeants africains 👉🏾 https://t.co/B7RrMeX7To

#COVID19 #vaccin #Sinopharm #Pfizer #AstraZeneca #Moderna #SputnikV https://t.co/ok07bfOso8",1.42627E+18,[],2021-08-13 21:00:01 Morocco Daylight Time,,,
1.42622E+18,1.42622E+18,2021-08-13 17:47:45 Morocco Daylight Time,8/13/2021,5:47:45 PM,100,1.41216E+18,immuslim4life,يانيس عبد العزيز,,RT @Ministere_Sante: النشرة  اليومية لنتائج الرصد الوبائي لكوفيد 19  https://t.co/8ZvNEajKUn #grippe #vaccins #نبقاو_على_بال #maroc #نخرجو_ب…,ar,"[{'screen_name': 'ministere_sante', 'name': 'ministère-santé-maroc ministry of health morocco', 'id': '2683723274'}]",['https://bit.ly/2VVeTL5'],[],0,5,0,"['grippe', 'vaccins', 'نبقاو_على_بال', 'maroc']",[],https://twitter.com/ImMuslim4life/status/1426223965291393024,TRUE,,0,,,,,2683723274,"النشرة  اليومية لنتائج الرصد الوبائي لكوفيد 19
https://t.co/8ZvNEajKUn
#grippe #vaccins #نبقاو_على_بال #maroc #نخرجو_بأمان #وقايتنا #COVID19 https://t.co/N2DZxh4da4",1.42621E+18,[],2021-08-13 16:59:38 Morocco Daylight Time,,,
1.42622E+18,1.42622E+18,2021-08-13 17:15:32 Morocco Daylight Time,8/13/2021,5:15:32 PM,100,1.12153E+18,assmaakaram,Assmaakaram🇲🇦,,RT @Ministere_Sante: النشرة  اليومية لنتائج الرصد الوبائي لكوفيد 19  https://t.co/8ZvNEajKUn #grippe #vaccins #نبقاو_على_بال #maroc #نخرجو_ب…,ar,"[{'screen_name': 'ministere_sante', 'name': 'ministère-santé-maroc ministry of health morocco', 'id': '2683723274'}]",['https://bit.ly/2VVeTL5'],[],0,5,0,"['grippe', 'vaccins', 'نبقاو_على_بال', 'maroc']",[],https://twitter.com/assmaakaram/status/1426215857697460226,TRUE,,0,,,,,2683723274,"النشرة  اليومية لنتائج الرصد الوبائي لكوفيد 19
https://t.co/8ZvNEajKUn
#grippe #vaccins #نبقاو_على_بال #maroc #نخرجو_بأمان #وقايتنا #COVID19 https://t.co/N2DZxh4da4",1.42621E+18,[],2021-08-13 16:59:38 Morocco Daylight Time,,,
1.42622E+18,1.42622E+18,2021-08-13 17:13:46 Morocco Daylight Time,8/13/2021,5:13:46 PM,100,1.24544E+18,rozlbrahim,인생은 계속됩니다,,"RT @Le360fr: 🇲🇦🦠| Bilan du jour #COVID19 #Maroc  ⚫️  112 décès  🔴  10.752 nouveaux cas 🟡  81.584 cas actifs 🟢  9.895 guérisons  ✅  11,36 mi…",fr,"[{'screen_name': 'le360fr', 'name': 'le360', 'id': '1010998194'}]",[],[],0,2,0,"['covid19', 'maroc']",[],https://twitter.com/Rozlbrahim/status/1426215410853191682,TRUE,,0,,,,,1010998194,"🇲🇦🦠| Bilan du jour #COVID19 #Maroc

⚫️  112 décès 
🔴  10.752 nouveaux cas
🟡  81.584 cas actifs
🟢  9.895 guérisons 
✅  11,36 millions de vaccinées

https://t.co/h3xKcqJ6A5",1.42621E+18,[],2021-08-13 17:11:19 Morocco Daylight Time,,,
1.42586E+18,1.42586E+18,2021-08-12 17:39:13 Morocco Daylight Time,8/12/2021,5:39:13 PM,100,293606138,bellmanno82,Völuspá,,"RT @LeDesk_ma: 10 828 nouveaux cas de Covid-19 au Maroc, 104 décès enregistrés en 24 heures  https://t.co/Fj5RPIMxbr via @LeDesk_ma #LeDesk…",fr,"[{'screen_name': 'ledesk_ma', 'name': 'le desk', 'id': '2994407410'}, {'screen_name': 'ledesk_ma', 'name': 'le desk', 'id': '2994407410'}]",['https://ledesk.ma/live-content/10-828-nouveaux-cas-de-covid-19-au-maroc-104-deces-enregistres-en-24-heures/'],[],0,2,0,['ledesk'],[],https://twitter.com/bellmanNo82/status/1425859427920400392,TRUE,,0,,,,,2994407410,"10 828 nouveaux cas de Covid-19 au Maroc, 104 décès enregistrés en 24 heures https://t.co/Fj5RPIMxbr via @LeDesk_ma #LeDesk #Maroc #Covid19",1.42585E+18,[],2021-08-12 17:04:58 Morocco Daylight Time,,,
1.42585E+18,1.42585E+18,2021-08-12 17:11:34 Morocco Daylight Time,8/12/2021,5:11:34 PM,100,3043331595,marocamar,Ali Amar,,"RT @LeDesk_ma: 10 828 nouveaux cas de Covid-19 au Maroc, 104 décès enregistrés en 24 heures  https://t.co/Fj5RPIMxbr via @LeDesk_ma #LeDesk…",fr,"[{'screen_name': 'ledesk_ma', 'name': 'le desk', 'id': '2994407410'}, {'screen_name': 'ledesk_ma', 'name': 'le desk', 'id': '2994407410'}]",['https://ledesk.ma/live-content/10-828-nouveaux-cas-de-covid-19-au-maroc-104-deces-enregistres-en-24-heures/'],[],0,2,0,['ledesk'],[],https://twitter.com/MarocAmar/status/1425852470832533505,TRUE,,0,,,,,2994407410,"10 828 nouveaux cas de Covid-19 au Maroc, 104 décès enregistrés en 24 heures https://t.co/Fj5RPIMxbr via @LeDesk_ma #LeDesk #Maroc #Covid19",1.42585E+18,[],2021-08-12 17:04:58 Morocco Daylight Time,,,
1.42585E+18,1.42585E+18,2021-08-12 17:07:58 Morocco Daylight Time,8/12/2021,5:07:58 PM,100,1.18572E+18,aboujannatwiam,❤️🇲🇦❤️محارب من أجل الوطن,,RT @Ministere_Sante: النشرة  اليومية لنتائج الرصد الوبائي لكوفيد 19   https://t.co/fyvtv06KVu #grippe #vaccins #نبقاو_على_بال #maroc #نخرجو_…,ar,"[{'screen_name': 'ministere_sante', 'name': 'ministère-santé-maroc ministry of health morocco', 'id': '2683723274'}]",['https://bit.ly/3fXzLbq'],[],0,1,0,"['grippe', 'vaccins', 'نبقاو_على_بال', 'maroc']",[],https://twitter.com/aboujannatwiam/status/1425851565513056256,TRUE,,0,,,,,2683723274,"النشرة  اليومية لنتائج الرصد الوبائي لكوفيد 19
 https://t.co/fyvtv06KVu
#grippe #vaccins #نبقاو_على_بال #maroc #نخرجو_بأمان #وقايتنا #COVID19 https://t.co/P3UKNhxRNF",1.42585E+18,[],2021-08-12 17:02:42 Morocco Daylight Time,,,
1.42585E+18,1.42585E+18,2021-08-12 17:02:35 Morocco Daylight Time,8/12/2021,5:02:35 PM,100,170119847,sawtdakhili,سعد,,"RT @Aichadell: Existe-t-il une probabilité de refus? Y a-t-il un suivi à faire de notre côté? Et si personne n'appelle, que doit-on faire?…",fr,"[{'screen_name': 'aichadell', 'name': 'aïcha 🎗️', 'id': '705004560'}]",[],[],0,3,0,[],[],https://twitter.com/sawtdakhili/status/1425850207326150657,TRUE,,0,,,,,705004560,"Existe-t-il une probabilité de refus? Y a-t-il un suivi à faire de notre côté? Et si personne n'appelle, que doit-on faire? Seul le temps pourra nous donner les réponses... à quelques questions seulement.

#Maroc #Bureaucratie #COVID19",1.42548E+18,[],2021-08-11 16:23:55 Morocco Daylight Time,,,
1.42579E+18,1.42579E+18,2021-08-12 13:12:18 Morocco Daylight Time,8/12/2021,1:12:18 PM,100,211845114,ofalsen,Oumy,,RT @SocialNetLink: Le #Maroc ouvre son premier centre de vaccination numérisé  https://t.co/i7gZsToviC #Nulerique #COVID19 #afrique,fr,"[{'screen_name': 'socialnetlink', 'name': 'social net link', 'id': '1450227973'}]",['https://www.socialnetlink.org/2021/08/12/le-maroc-ouvre-son-premier-centre-de-vaccination-numerise/'],[],0,1,0,"['maroc', 'nulerique', 'covid19', 'afrique']",[],https://twitter.com/ofalsen/status/1425792256129257472,TRUE,,0,,,,,1450227973,Le #Maroc ouvre son premier centre de vaccination numérisé https://t.co/i7gZsToviC #Nulerique #COVID19 #afrique,1.42579E+18,[],2021-08-12 13:08:16 Morocco Daylight Time,,,
1.42577E+18,1.42577E+18,2021-08-12 11:52:56 Morocco Daylight Time,8/12/2021,11:52:56 AM,100,3195088127,zakariael94,Zakaria El Berrah,,RT @Ministere_Sante: النشرة  اليومية لنتائج الرصد الوبائي لكوفيد 19   https://t.co/bnLXb2xlpd #grippe #vaccins #نبقاو_على_بال #maroc #نخرجو_…,ar,"[{'screen_name': 'ministere_sante', 'name': 'ministère-santé-maroc ministry of health morocco', 'id': '2683723274'}]",['https://bit.ly/3jKyc1F'],[],0,1,0,"['grippe', 'vaccins', 'نبقاو_على_بال', 'maroc']",[],https://twitter.com/ZakariaEl94/status/1425772282119692291,TRUE,,0,,,,,2683723274,"النشرة  اليومية لنتائج الرصد الوبائي لكوفيد 19
 https://t.co/bnLXb2xlpd
#grippe #vaccins #نبقاو_على_بال #maroc #نخرجو_بأمان #وقايتنا #COVID19 https://t.co/mNOmSqzaHK",1.42549E+18,[],2021-08-11 17:05:08 Morocco Daylight Time,,,
1.42574E+18,1.42574E+18,2021-08-12 09:26:11 Morocco Daylight Time,8/12/2021,9:26:11 AM,100,245863590,phbaumann,Philippe Baumann2,,"RT @Aichadell: Existe-t-il une probabilité de refus? Y a-t-il un suivi à faire de notre côté? Et si personne n'appelle, que doit-on faire?…",fr,"[{'screen_name': 'aichadell', 'name': 'aïcha 🎗️', 'id': '705004560'}]",[],[],0,3,0,[],[],https://twitter.com/PhBaumann/status/1425735350534746115,TRUE,,0,,,,,705004560,"Existe-t-il une probabilité de refus? Y a-t-il un suivi à faire de notre côté? Et si personne n'appelle, que doit-on faire? Seul le temps pourra nous donner les réponses... à quelques questions seulement.

#Maroc #Bureaucratie #COVID19",1.42548E+18,[],2021-08-11 16:23:55 Morocco Daylight Time,,,
1.42556E+18,1.42556E+18,2021-08-11 21:32:53 Morocco Daylight Time,8/11/2021,9:32:53 PM,100,414710036,kmoutaib,Kawthar Moutaïb 🇲🇦,,RT @Medi1tvAfrique: #Covid19: le vrai du faux autour de la campagne de #vaccination au #Maroc #Restons_vigilants  https://t.co/BJAKQ4fdWU,fr,"[{'screen_name': 'medi1tvafrique', 'name': 'medi1tv afrique', 'id': '918880957154897925'}]",['http://owl.li/C89Z30rQJsh'],[],0,1,0,"['covid19', 'vaccination', 'maroc', 'restons_vigilants']",[],https://twitter.com/kmoutaib/status/1425555844918349839,TRUE,,0,,,,,9.18881E+17,"#Covid19: le vrai du faux autour de la campagne de #vaccination au #Maroc
#Restons_vigilants
https://t.co/BJAKQ4fdWU",1.42548E+18,[],2021-08-11 16:44:53 Morocco Daylight Time,,,
1.42555E+18,1.42555E+18,2021-08-11 21:23:36 Morocco Daylight Time,8/11/2021,9:23:36 PM,100,1.15023E+18,josephernesto16,Joseph Aroga,,RT @alejojohnson: Morocco 🇲🇦 Opens Its First ‘Smart’ Vaccination Center #Morocco #Maroc #المغرب #Africa #NorthAfrica #COVID #COVID19 #pande…,en,"[{'screen_name': 'alejojohnson', 'name': 'alejo johnson', 'id': '200743587'}]",[],[],0,1,0,"['morocco', 'maroc', 'المغرب', 'africa', 'northafrica', 'covid', 'covid19']",[],https://twitter.com/JosephErnesto16/status/1425553508259012613,TRUE,,0,,,,,200743587,"Morocco 🇲🇦 Opens Its First ‘Smart’ Vaccination Center
#Morocco #Maroc #المغرب #Africa #NorthAfrica #COVID #COVID19 #pandemic #vaccination #vaccine  https://t.co/wjrM8uEdwX",1.42525E+18,[],2021-08-11 01:03:21 Morocco Daylight Time,,,
1.42555E+18,1.42555E+18,2021-08-11 21:21:43 Morocco Daylight Time,8/11/2021,9:21:43 PM,100,1.15023E+18,josephernesto16,Joseph Aroga,,RT @CKhebouiz: #Morocco has one of highly vaccinated populations in the world since the beginning of the race to vaccinate Young Moroccans…,en,"[{'screen_name': 'ckhebouiz', 'name': 'chaymae khebouiz 🇲🇦', 'id': '973636434858004481'}]",[],[],0,2,0,['morocco'],[],https://twitter.com/JosephErnesto16/status/1425553036081082385,TRUE,https://twitter.com/2MInteractive/status/1424739103279566850,0,,,,,9.73636E+17,"#Morocco has one of highly vaccinated populations in the world since the beginning of the race to vaccinate
Young Moroccans are massively heading to #VaccinationCovid centers all over Morocco🇲🇦.
#COVID19 #sinopharm #Africa #Algerie #Maroc 
#الجزائر_تستغیث #المغرب  #تيزي_وزو_تحترق",1.42507E+18,[],2021-08-10 13:27:43 Morocco Daylight Time,,,
1.42549E+18,1.42549E+18,2021-08-11 17:15:59 Morocco Daylight Time,8/11/2021,5:15:59 PM,100,912362156,mehdib58,🎗Mehdi,,"RT @Le360fr: 🇲🇦🦠| Bilan du jour #COVID19 #Maroc  ⚫️  98 décès  🔴  9.153 nouveaux cas 🟡  77.893 cas actifs 🟢  6.980 guérisons  ✅  11,23 mill…",fr,"[{'screen_name': 'le360fr', 'name': 'le360', 'id': '1010998194'}]",[],[],0,3,0,"['covid19', 'maroc']",[],https://twitter.com/Mehdib58/status/1425491192888897543,TRUE,,0,,,,,1010998194,"🇲🇦🦠| Bilan du jour #COVID19 #Maroc

⚫️  98 décès 
🔴  9.153 nouveaux cas
🟡  77.893 cas actifs
🟢  6.980 guérisons 
✅  11,23 millions de vaccinées

https://t.co/xUy7TBb9D6",1.42549E+18,[],2021-08-11 17:07:49 Morocco Daylight Time,,,
1.42549E+18,1.42549E+18,2021-08-11 17:09:42 Morocco Daylight Time,8/11/2021,5:09:42 PM,100,561597955,kbenn004,Kenza🎗️,,"RT @Le360fr: 🇲🇦🦠| Bilan du jour #COVID19 #Maroc  ⚫️  98 décès  🔴  9.153 nouveaux cas 🟡  77.893 cas actifs 🟢  6.980 guérisons  ✅  11,23 mill…",fr,"[{'screen_name': 'le360fr', 'name': 'le360', 'id': '1010998194'}]",[],[],0,3,0,"['covid19', 'maroc']",[],https://twitter.com/Kbenn004/status/1425489611535659017,TRUE,,0,,,,,1010998194,"🇲🇦🦠| Bilan du jour #COVID19 #Maroc

⚫️  98 décès 
🔴  9.153 nouveaux cas
🟡  77.893 cas actifs
🟢  6.980 guérisons 
✅  11,23 millions de vaccinées

https://t.co/xUy7TBb9D6",1.42549E+18,[],2021-08-11 17:07:49 Morocco Daylight Time,,,
1.42549E+18,1.42549E+18,2021-08-11 17:00:55 Morocco Daylight Time,8/11/2021,5:00:55 PM,100,1.33715E+18,idrissiabdalla2,Idrissi Abdallah 🇵🇸🎗,,"RT @Aichadell: Existe-t-il une probabilité de refus? Y a-t-il un suivi à faire de notre côté? Et si personne n'appelle, que doit-on faire?…",fr,"[{'screen_name': 'aichadell', 'name': 'aïcha 🎗️', 'id': '705004560'}]",[],[],0,3,0,[],[],https://twitter.com/IdrissiAbdalla2/status/1425487401930141699,TRUE,,0,,,,,705004560,"Existe-t-il une probabilité de refus? Y a-t-il un suivi à faire de notre côté? Et si personne n'appelle, que doit-on faire? Seul le temps pourra nous donner les réponses... à quelques questions seulement.

#Maroc #Bureaucratie #COVID19",1.42548E+18,[],2021-08-11 16:23:55 Morocco Daylight Time,,,
1.42543E+18,1.42543E+18,2021-08-11 12:57:50 Morocco Daylight Time,8/11/2021,12:57:50 PM,100,1.34764E+18,islamhaqq5,Abou Nour,,"RT @Tajmaat_Service: 🇲🇦 FLASH - Explosion de nouveaux cas d’infection au #COVID19, 8995 contaminations ont été enregistré au #Maroc au cour…",fr,"[{'screen_name': 'tajmaat_service', 'name': 'tajmaât', 'id': '1341885487280230405'}]",[],[],0,34,0,"['covid19', 'maroc']",[],https://twitter.com/islamhaqq5/status/1425426229583306752,TRUE,,0,,,,,1.34189E+18,"🇲🇦 FLASH - Explosion de nouveaux cas d’infection au #COVID19, 8995 contaminations ont été enregistré au #Maroc au cours des dernières 24 heures, contre 1402 la semaine dernière.",1.42114E+18,[],2021-07-30 17:04:12 Morocco Daylight Time,,,
1.42521E+18,1.42521E+18,2021-08-10 22:30:04 Morocco Daylight Time,8/10/2021,10:30:04 PM,100,3195088127,zakariael94,Zakaria El Berrah,,RT @Ministere_Sante: النشرة  اليومية لنتائج الرصد الوبائي لكوفيد 19   https://t.co/V5uGu2FDoU #grippe #vaccins #نبقاو_على_بال #maroc #نخرجو_…,ar,"[{'screen_name': 'ministere_sante', 'name': 'ministère-santé-maroc ministry of health morocco', 'id': '2683723274'}]",['https://bit.ly/3yBymhL'],[],0,3,0,"['grippe', 'vaccins', 'نبقاو_على_بال', 'maroc']",[],https://twitter.com/ZakariaEl94/status/1425207847185485824,TRUE,,0,,,,,2683723274,"النشرة  اليومية لنتائج الرصد الوبائي لكوفيد 19
 https://t.co/V5uGu2FDoU
#grippe #vaccins #نبقاو_على_بال #maroc #نخرجو_بأمان #وقايتنا #COVID19 https://t.co/u5F7WarVR0",1.42513E+18,[],2021-08-10 17:02:33 Morocco Daylight Time,,,
1.42521E+18,1.42521E+18,2021-08-10 22:21:36 Morocco Daylight Time,8/10/2021,10:21:36 PM,100,1.14134E+18,bentachfinn,إ🇲🇦 ۞,,"RT @Le360fr: 🇲🇦🦠| Bilan du jour #COVID19 #Maroc  ⚫️  105 décès  🔴  9.778 nouveaux cas 🟡  75.818 cas actifs 🟢  7.365 guérisons  ✅  11,1 mill…",fr,"[{'screen_name': 'le360fr', 'name': 'le360', 'id': '1010998194'}]",[],[],0,4,0,"['covid19', 'maroc']",[],https://twitter.com/benTachfinn/status/1425205716848193540,TRUE,,0,,,,,1010998194,"🇲🇦🦠| Bilan du jour #COVID19 #Maroc

⚫️  105 décès 
🔴  9.778 nouveaux cas
🟡  75.818 cas actifs
🟢  7.365 guérisons 
✅  11,1 millions de vaccinées
https://t.co/VnU3bwC37m",1.42513E+18,[],2021-08-10 17:01:17 Morocco Daylight Time,,,
1.42517E+18,1.42517E+18,2021-08-10 20:05:01 Morocco Daylight Time,8/10/2021,8:05:01 PM,100,1.41619E+18,el_ghi_wani_10,غيـــــــــــــــــــواني,,RT @LeDesk_ma: Visite de Lapid au #Maroc : un des accords prévus concerne la lutte contre le #COVID19 #Israel #IsraelMorocco #LeDesk   https…,fr,"[{'screen_name': 'ledesk_ma', 'name': 'le desk', 'id': '2994407410'}]",[],[],0,7,0,"['maroc', 'covid19', 'israel', 'israelmorocco', 'ledesk']",[],https://twitter.com/el_ghi_wani_10/status/1425171343729901571,TRUE,,0,,,,,2994407410,Visite de Lapid au #Maroc : un des accords prévus concerne la lutte contre le #COVID19 #Israel #IsraelMorocco #LeDesk  https://t.co/8oGdttYqOK via @LeDesk_ma,1.42507E+18,[],2021-08-10 13:21:05 Morocco Daylight Time,,,
1.42517E+18,1.42517E+18,2021-08-10 20:01:26 Morocco Daylight Time,8/10/2021,8:01:26 PM,100,414710036,kmoutaib,Kawthar Moutaïb 🇲🇦,,RT @LeDesk_ma: Visite de Lapid au #Maroc : un des accords prévus concerne la lutte contre le #COVID19 #Israel #IsraelMorocco #LeDesk   https…,fr,"[{'screen_name': 'ledesk_ma', 'name': 'le desk', 'id': '2994407410'}]",[],[],0,7,0,"['maroc', 'covid19', 'israel', 'israelmorocco', 'ledesk']",[],https://twitter.com/kmoutaib/status/1425170442478833667,TRUE,,0,,,,,2994407410,Visite de Lapid au #Maroc : un des accords prévus concerne la lutte contre le #COVID19 #Israel #IsraelMorocco #LeDesk  https://t.co/8oGdttYqOK via @LeDesk_ma,1.42507E+18,[],2021-08-10 13:21:05 Morocco Daylight Time,,,
1.42517E+18,1.42517E+18,2021-08-10 19:58:59 Morocco Daylight Time,8/10/2021,7:58:59 PM,100,1.26662E+18,elmazounimoham4,Elmazouni Mohamed,,RT @Ministere_Sante: النشرة  اليومية لنتائج الرصد الوبائي لكوفيد 19   https://t.co/V5uGu2FDoU #grippe #vaccins #نبقاو_على_بال #maroc #نخرجو_…,ar,"[{'screen_name': 'ministere_sante', 'name': 'ministère-santé-maroc ministry of health morocco', 'id': '2683723274'}]",['https://bit.ly/3yBymhL'],[],0,3,0,"['grippe', 'vaccins', 'نبقاو_على_بال', 'maroc']",[],https://twitter.com/ElmazouniMoham4/status/1425169827187073026,TRUE,,0,,,,,2683723274,"النشرة  اليومية لنتائج الرصد الوبائي لكوفيد 19
 https://t.co/V5uGu2FDoU
#grippe #vaccins #نبقاو_على_بال #maroc #نخرجو_بأمان #وقايتنا #COVID19 https://t.co/u5F7WarVR0",1.42513E+18,[],2021-08-10 17:02:33 Morocco Daylight Time,,,
1.42517E+18,1.42517E+18,2021-08-10 19:47:23 Morocco Daylight Time,8/10/2021,7:47:23 PM,100,293606138,bellmanno82,Völuspá,,RT @LeDesk_ma: Visite de Lapid au #Maroc : un des accords prévus concerne la lutte contre le #COVID19 #Israel #IsraelMorocco #LeDesk   https…,fr,"[{'screen_name': 'ledesk_ma', 'name': 'le desk', 'id': '2994407410'}]",[],[],0,7,0,"['maroc', 'covid19', 'israel', 'israelmorocco', 'ledesk']",[],https://twitter.com/bellmanNo82/status/1425166907204902914,TRUE,,0,,,,,2994407410,Visite de Lapid au #Maroc : un des accords prévus concerne la lutte contre le #COVID19 #Israel #IsraelMorocco #LeDesk  https://t.co/8oGdttYqOK via @LeDesk_ma,1.42507E+18,[],2021-08-10 13:21:05 Morocco Daylight Time,,,
1.42513E+18,1.42513E+18,2021-08-10 17:18:39 Morocco Daylight Time,8/10/2021,5:18:39 PM,100,3043331595,marocamar,Ali Amar,,"RT @LeDesk_ma: 9 778 nouveaux cas de Covid-19 au Maroc, 105 décès enregistrés en 24 heures  https://t.co/FfY2c8SJPz via @LeDesk_ma #LeDesk #…",fr,"[{'screen_name': 'ledesk_ma', 'name': 'le desk', 'id': '2994407410'}, {'screen_name': 'ledesk_ma', 'name': 'le desk', 'id': '2994407410'}]",['https://ledesk.ma/live-content/9-778-nouveaux-cas-de-covid-19-au-maroc-105-deces-enregistres-en-24-heures/'],[],0,2,0,['ledesk'],[],https://twitter.com/MarocAmar/status/1425129477856587788,TRUE,,0,,,,,2994407410,"9 778 nouveaux cas de Covid-19 au Maroc, 105 décès enregistrés en 24 heures https://t.co/FfY2c8SJPz via @LeDesk_ma #LeDesk #Maroc #Covid19",1.42513E+18,[],2021-08-10 17:05:39 Morocco Daylight Time,,,
1.42513E+18,1.42513E+18,2021-08-10 17:09:42 Morocco Daylight Time,8/10/2021,5:09:42 PM,100,1.37213E+18,vendetta_m_dima,V🇲🇦Patriote🇲🇦_VI_Retweet,,RT @Ministere_Sante: النشرة  اليومية لنتائج الرصد الوبائي لكوفيد 19   https://t.co/V5uGu2FDoU #grippe #vaccins #نبقاو_على_بال #maroc #نخرجو_…,ar,"[{'screen_name': 'ministere_sante', 'name': 'ministère-santé-maroc ministry of health morocco', 'id': '2683723274'}]",['https://bit.ly/3yBymhL'],[],0,3,0,"['grippe', 'vaccins', 'نبقاو_على_بال', 'maroc']",[],https://twitter.com/Vendetta_M_dima/status/1425127224752185344,TRUE,,0,,,,,2683723274,"النشرة  اليومية لنتائج الرصد الوبائي لكوفيد 19
 https://t.co/V5uGu2FDoU
#grippe #vaccins #نبقاو_على_بال #maroc #نخرجو_بأمان #وقايتنا #COVID19 https://t.co/u5F7WarVR0",1.42513E+18,[],2021-08-10 17:02:33 Morocco Daylight Time,,,
1.42513E+18,1.42513E+18,2021-08-10 17:05:17 Morocco Daylight Time,8/10/2021,5:05:17 PM,100,272344546,mlle_rym,LaMarocaine,,"RT @Le360fr: 🇲🇦🦠| Bilan du jour #COVID19 #Maroc  ⚫️  105 décès  🔴  9.778 nouveaux cas 🟡  75.818 cas actifs 🟢  7.365 guérisons  ✅  11,1 mill…",fr,"[{'screen_name': 'le360fr', 'name': 'le360', 'id': '1010998194'}]",[],[],0,4,0,"['covid19', 'maroc']",[],https://twitter.com/Mlle_rym/status/1425126112330452999,TRUE,,0,,,,,1010998194,"🇲🇦🦠| Bilan du jour #COVID19 #Maroc

⚫️  105 décès 
🔴  9.778 nouveaux cas
🟡  75.818 cas actifs
🟢  7.365 guérisons 
✅  11,1 millions de vaccinées
https://t.co/VnU3bwC37m",1.42513E+18,[],2021-08-10 17:01:17 Morocco Daylight Time,,,
1.42513E+18,1.42513E+18,2021-08-10 17:02:52 Morocco Daylight Time,8/10/2021,5:02:52 PM,100,1.24544E+18,rozlbrahim,인생은 계속됩니다,,"RT @Le360fr: 🇲🇦🦠| Bilan du jour #COVID19 #Maroc  ⚫️  105 décès  🔴  9.778 nouveaux cas 🟡  75.818 cas actifs 🟢  7.365 guérisons  ✅  11,1 mill…",fr,"[{'screen_name': 'le360fr', 'name': 'le360', 'id': '1010998194'}]",[],[],0,4,0,"['covid19', 'maroc']",[],https://twitter.com/Rozlbrahim/status/1425125502877147137,TRUE,,0,,,,,1010998194,"🇲🇦🦠| Bilan du jour #COVID19 #Maroc

⚫️  105 décès 
🔴  9.778 nouveaux cas
🟡  75.818 cas actifs
🟢  7.365 guérisons 
✅  11,1 millions de vaccinées
https://t.co/VnU3bwC37m",1.42513E+18,[],2021-08-10 17:01:17 Morocco Daylight Time,,,
1.42513E+18,1.42513E+18,2021-08-10 17:02:34 Morocco Daylight Time,8/10/2021,5:02:34 PM,100,561597955,kbenn004,Kenza🎗️,,"RT @Le360fr: 🇲🇦🦠| Bilan du jour #COVID19 #Maroc  ⚫️  105 décès  🔴  9.778 nouveaux cas 🟡  75.818 cas actifs 🟢  7.365 guérisons  ✅  11,1 mill…",fr,"[{'screen_name': 'le360fr', 'name': 'le360', 'id': '1010998194'}]",[],[],0,4,0,"['covid19', 'maroc']",[],https://twitter.com/Kbenn004/status/1425125428797313028,TRUE,,0,,,,,1010998194,"🇲🇦🦠| Bilan du jour #COVID19 #Maroc

⚫️  105 décès 
🔴  9.778 nouveaux cas
🟡  75.818 cas actifs
🟢  7.365 guérisons 
✅  11,1 millions de vaccinées
https://t.co/VnU3bwC37m",1.42513E+18,[],2021-08-10 17:01:17 Morocco Daylight Time,,,
1.4251E+18,1.4251E+18,2021-08-10 15:39:28 Morocco Daylight Time,8/10/2021,3:39:28 PM,100,9.93784E+17,chyren777,TOURAY,,RT @LeDesk_ma: Visite de Lapid au #Maroc : un des accords prévus concerne la lutte contre le #COVID19 #Israel #IsraelMorocco #LeDesk   https…,fr,"[{'screen_name': 'ledesk_ma', 'name': 'le desk', 'id': '2994407410'}]",[],[],0,7,0,"['maroc', 'covid19', 'israel', 'israelmorocco', 'ledesk']",[],https://twitter.com/CHYREN777/status/1425104518354817038,TRUE,,0,,,,,2994407410,Visite de Lapid au #Maroc : un des accords prévus concerne la lutte contre le #COVID19 #Israel #IsraelMorocco #LeDesk  https://t.co/8oGdttYqOK via @LeDesk_ma,1.42507E+18,[],2021-08-10 13:21:05 Morocco Daylight Time,,,
1.4251E+18,1.4251E+18,2021-08-10 15:07:45 Morocco Daylight Time,8/10/2021,3:07:45 PM,100,229988381,walid_ry,Moroccan Connection,,RT @LeDesk_ma: Visite de Lapid au #Maroc : un des accords prévus concerne la lutte contre le #COVID19 #Israel #IsraelMorocco #LeDesk   https…,fr,"[{'screen_name': 'ledesk_ma', 'name': 'le desk', 'id': '2994407410'}]",[],[],0,7,0,"['maroc', 'covid19', 'israel', 'israelmorocco', 'ledesk']",[],https://twitter.com/Walid_Ry/status/1425096536137080848,TRUE,,0,,,,,2994407410,Visite de Lapid au #Maroc : un des accords prévus concerne la lutte contre le #COVID19 #Israel #IsraelMorocco #LeDesk  https://t.co/8oGdttYqOK via @LeDesk_ma,1.42507E+18,[],2021-08-10 13:21:05 Morocco Daylight Time,,,
1.42508E+18,1.42508E+18,2021-08-10 13:56:38 Morocco Daylight Time,8/10/2021,1:56:38 PM,100,1.25654E+18,taguiwin,baldassare,,RT @LeDesk_ma: Visite de Lapid au #Maroc : un des accords prévus concerne la lutte contre le #COVID19 #Israel #IsraelMorocco #LeDesk   https…,fr,"[{'screen_name': 'ledesk_ma', 'name': 'le desk', 'id': '2994407410'}]",[],[],0,7,0,"['maroc', 'covid19', 'israel', 'israelmorocco', 'ledesk']",[],https://twitter.com/taguiwin/status/1425078637326475264,TRUE,,0,,,,,2994407410,Visite de Lapid au #Maroc : un des accords prévus concerne la lutte contre le #COVID19 #Israel #IsraelMorocco #LeDesk  https://t.co/8oGdttYqOK via @LeDesk_ma,1.42507E+18,[],2021-08-10 13:21:05 Morocco Daylight Time,,,
1.42508E+18,1.42508E+18,2021-08-10 13:47:06 Morocco Daylight Time,8/10/2021,1:47:06 PM,100,3043331595,marocamar,Ali Amar,,RT @LeDesk_ma: Visite de Lapid au #Maroc : un des accords prévus concerne la lutte contre le #COVID19 #Israel #IsraelMorocco #LeDesk   https…,fr,"[{'screen_name': 'ledesk_ma', 'name': 'le desk', 'id': '2994407410'}]",[],[],0,7,0,"['maroc', 'covid19', 'israel', 'israelmorocco', 'ledesk']",[],https://twitter.com/MarocAmar/status/1425076237664407554,TRUE,,0,,,,,2994407410,Visite de Lapid au #Maroc : un des accords prévus concerne la lutte contre le #COVID19 #Israel #IsraelMorocco #LeDesk  https://t.co/8oGdttYqOK via @LeDesk_ma,1.42507E+18,[],2021-08-10 13:21:05 Morocco Daylight Time,,,
1.42508E+18,1.42508E+18,2021-08-10 13:44:02 Morocco Daylight Time,8/10/2021,1:44:02 PM,100,3384709853,boujraad,Ouassima Boujrad,,RT @CKhebouiz: #Morocco has one of highly vaccinated populations in the world since the beginning of the race to vaccinate Young Moroccans…,en,"[{'screen_name': 'ckhebouiz', 'name': 'chaymae khebouiz 🇲🇦', 'id': '973636434858004481'}]",[],[],0,2,0,['morocco'],[],https://twitter.com/BOUJRAAD/status/1425075464524140545,TRUE,https://twitter.com/2MInteractive/status/1424739103279566850,0,,,,,9.73636E+17,"#Morocco has one of highly vaccinated populations in the world since the beginning of the race to vaccinate
Young Moroccans are massively heading to #VaccinationCovid centers all over Morocco🇲🇦.
#COVID19 #sinopharm #Africa #Algerie #Maroc 
#الجزائر_تستغیث #المغرب  #تيزي_وزو_تحترق",1.42507E+18,[],2021-08-10 13:27:43 Morocco Daylight Time,,,
1.42498E+18,1.42498E+18,2021-08-10 07:38:01 Morocco Daylight Time,8/10/2021,7:38:01 AM,100,43934788,bernie1818,Berna⚡,,"RT @GlobalImpactIn2: 🔴 Le @Ministere_Sante #Maroc publie le protocole national thérapeutique contre le #Covid19. On y retrouve, en ambulato…",fr,"[{'screen_name': 'globalimpactin2', 'name': 'global impact intelligence', 'id': '1194583566908346368'}, {'screen_name': 'ministere_sante', 'name': 'ministère-santé-maroc ministry of health morocco', 'id': '2683723274'}]",[],[],0,18,0,"['maroc', 'covid19']",[],https://twitter.com/Bernie1818/status/1424983356958257166,TRUE,,0,,,,,1.19458E+18,"🔴 Le @Ministere_Sante #Maroc publie le protocole national thérapeutique contre le #Covid19. On y retrouve, en ambulatoire, le protocole initial défendu par le Pr. @raoult_didier à savoir : l’hydroxychloroquine, l’Azithromycine, les vitamines D et C, le Zinc et les anticoagulants https://t.co/x3vtSQJyLv",1.42299E+18,[],2021-08-04 19:56:05 Morocco Daylight Time,,,
1.42488E+18,1.42488E+18,2021-08-10 00:56:58 Morocco Daylight Time,8/10/2021,12:56:58 AM,100,3195088127,zakariael94,Zakaria El Berrah,,RT @Ministere_Sante: النشرة  اليومية لنتائج الرصد الوبائي لكوفيد 19   https://t.co/zbMDdK1JOL #grippe #vaccins #نبقاو_على_بال #maroc #نخرجو_…,ar,"[{'screen_name': 'ministere_sante', 'name': 'ministère-santé-maroc ministry of health morocco', 'id': '2683723274'}]",['https://bit.ly/2U2fMjU'],[],0,3,0,"['grippe', 'vaccins', 'نبقاو_على_بال', 'maroc']",[],https://twitter.com/ZakariaEl94/status/1424882426833252355,TRUE,,0,,,,,2683723274,"النشرة  اليومية لنتائج الرصد الوبائي لكوفيد 19
 https://t.co/zbMDdK1JOL
#grippe #vaccins #نبقاو_على_بال #maroc #نخرجو_بأمان #وقايتنا #COVID19 https://t.co/1ZboltCRKq",1.42476E+18,[],2021-08-09 16:40:10 Morocco Daylight Time,,,
1.42487E+18,1.42487E+18,2021-08-10 00:15:39 Morocco Daylight Time,8/10/2021,12:15:39 AM,100,7.29039E+17,thekingdomof212,Ⓜ️oriarty,,RT @Le360fr: 🧪 | Les laboratoires privés pratiquent des prix exorbitants et leur politique tarifaire pourrait constituer un frein à la poli…,fr,"[{'screen_name': 'le360fr', 'name': 'le360', 'id': '1010998194'}]",[],[],0,9,0,[],[],https://twitter.com/TheKingdomOf212/status/1424872030311174146,TRUE,,0,,,,,1010998194,"🧪 | Les laboratoires privés pratiquent des prix exorbitants et leur politique tarifaire pourrait constituer un frein à la politique du ministère de la Santé...
#Maroc #test #COVID19 
https://t.co/n6kzZeOzE3",1.42448E+18,[],2021-08-08 22:31:30 Morocco Daylight Time,,,
1.42486E+18,1.42486E+18,2021-08-09 23:38:54 Morocco Daylight Time,8/9/2021,11:38:54 PM,100,1.40306E+18,naima75230506,Naima,,RT @Ministere_Sante: النشرة  اليومية لنتائج الرصد الوبائي لكوفيد 19   https://t.co/zbMDdK1JOL #grippe #vaccins #نبقاو_على_بال #maroc #نخرجو_…,ar,"[{'screen_name': 'ministere_sante', 'name': 'ministère-santé-maroc ministry of health morocco', 'id': '2683723274'}]",['https://bit.ly/2U2fMjU'],[],0,3,0,"['grippe', 'vaccins', 'نبقاو_على_بال', 'maroc']",[],https://twitter.com/Naima75230506/status/1424862779895390211,TRUE,,0,,,,,2683723274,"النشرة  اليومية لنتائج الرصد الوبائي لكوفيد 19
 https://t.co/zbMDdK1JOL
#grippe #vaccins #نبقاو_على_بال #maroc #نخرجو_بأمان #وقايتنا #COVID19 https://t.co/1ZboltCRKq",1.42476E+18,[],2021-08-09 16:40:10 Morocco Daylight Time,,,
1.42485E+18,1.42485E+18,2021-08-09 23:01:32 Morocco Daylight Time,8/9/2021,11:01:32 PM,100,612107406,ibra_mahad,MahadIbra,,RT @ArabNewsfr: Le #Maroc figure parmi les pays les plus avancés du monde en matière de campagne de vaccination et plus de 30% de sa popula…,fr,"[{'screen_name': 'arabnewsfr', 'name': 'arabnewsfr', 'id': '1273218547846729729'}]",[],[],0,6,0,['maroc'],[],https://twitter.com/ibra_mahad/status/1424853377960251396,TRUE,,0,,,,,1.27322E+18,Le #Maroc figure parmi les pays les plus avancés du monde en matière de campagne de vaccination et plus de 30% de sa population a été vaccinée. #Covid19 https://t.co/gfWYEQ76IL,1.42485E+18,[],2021-08-09 22:30:01 Morocco Daylight Time,,,
1.42485E+18,1.42485E+18,2021-08-09 22:48:05 Morocco Daylight Time,8/9/2021,10:48:05 PM,100,1.00662E+18,amineandam,Amine Andam,,RT @ArabNewsfr: Le #Maroc figure parmi les pays les plus avancés du monde en matière de campagne de vaccination et plus de 30% de sa popula…,fr,"[{'screen_name': 'arabnewsfr', 'name': 'arabnewsfr', 'id': '1273218547846729729'}]",[],[],0,6,0,['maroc'],[],https://twitter.com/AmineAndam/status/1424849994180345857,TRUE,,0,,,,,1.27322E+18,Le #Maroc figure parmi les pays les plus avancés du monde en matière de campagne de vaccination et plus de 30% de sa population a été vaccinée. #Covid19 https://t.co/gfWYEQ76IL,1.42485E+18,[],2021-08-09 22:30:01 Morocco Daylight Time,,,
1.42485E+18,1.42485E+18,2021-08-09 22:41:46 Morocco Daylight Time,8/9/2021,10:41:46 PM,100,1.24544E+18,rozlbrahim,인생은 계속됩니다,,RT @ArabNewsfr: Le #Maroc figure parmi les pays les plus avancés du monde en matière de campagne de vaccination et plus de 30% de sa popula…,fr,"[{'screen_name': 'arabnewsfr', 'name': 'arabnewsfr', 'id': '1273218547846729729'}]",[],[],0,6,0,['maroc'],[],https://twitter.com/Rozlbrahim/status/1424848404564348938,TRUE,,0,,,,,1.27322E+18,Le #Maroc figure parmi les pays les plus avancés du monde en matière de campagne de vaccination et plus de 30% de sa population a été vaccinée. #Covid19 https://t.co/gfWYEQ76IL,1.42485E+18,[],2021-08-09 22:30:01 Morocco Daylight Time,,,
1.42485E+18,1.42485E+18,2021-08-09 22:41:01 Morocco Daylight Time,8/9/2021,10:41:01 PM,100,1.40768E+18,athari01179592,znassni,,RT @ArabNewsfr: Le #Maroc figure parmi les pays les plus avancés du monde en matière de campagne de vaccination et plus de 30% de sa popula…,fr,"[{'screen_name': 'arabnewsfr', 'name': 'arabnewsfr', 'id': '1273218547846729729'}]",[],[],0,6,0,['maroc'],[],https://twitter.com/athari01179592/status/1424848214109401089,TRUE,,0,,,,,1.27322E+18,Le #Maroc figure parmi les pays les plus avancés du monde en matière de campagne de vaccination et plus de 30% de sa population a été vaccinée. #Covid19 https://t.co/gfWYEQ76IL,1.42485E+18,[],2021-08-09 22:30:01 Morocco Daylight Time,,,
1.42485E+18,1.42485E+18,2021-08-09 22:38:31 Morocco Daylight Time,8/9/2021,10:38:31 PM,100,3329758492,salhi_charaf,Charaf,,RT @ArabNewsfr: Le #Maroc figure parmi les pays les plus avancés du monde en matière de campagne de vaccination et plus de 30% de sa popula…,fr,"[{'screen_name': 'arabnewsfr', 'name': 'arabnewsfr', 'id': '1273218547846729729'}]",[],[],0,6,0,['maroc'],[],https://twitter.com/salhi_charaf/status/1424847586658185237,TRUE,,0,,,,,1.27322E+18,Le #Maroc figure parmi les pays les plus avancés du monde en matière de campagne de vaccination et plus de 30% de sa population a été vaccinée. #Covid19 https://t.co/gfWYEQ76IL,1.42485E+18,[],2021-08-09 22:30:01 Morocco Daylight Time,,,
1.42485E+18,1.42485E+18,2021-08-09 22:34:39 Morocco Daylight Time,8/9/2021,10:34:39 PM,100,1.20722E+18,rania67268389,rania,,RT @Le360fr: 🧪 | Les laboratoires privés pratiquent des prix exorbitants et leur politique tarifaire pourrait constituer un frein à la poli…,fr,"[{'screen_name': 'le360fr', 'name': 'le360', 'id': '1010998194'}]",[],[],0,9,0,[],[],https://twitter.com/rania67268389/status/1424846614087221260,TRUE,,0,,,,,1010998194,"🧪 | Les laboratoires privés pratiquent des prix exorbitants et leur politique tarifaire pourrait constituer un frein à la politique du ministère de la Santé...
#Maroc #test #COVID19 
https://t.co/n6kzZeOzE3",1.42448E+18,[],2021-08-08 22:31:30 Morocco Daylight Time,,,
1.42485E+18,1.42485E+18,2021-08-09 22:30:37 Morocco Daylight Time,8/9/2021,10:30:37 PM,100,1.02279E+18,actuspays,Lisa en direct 🌏🌍🌎,,RT @ArabNewsfr: Le #Maroc figure parmi les pays les plus avancés du monde en matière de campagne de vaccination et plus de 30% de sa popula…,fr,"[{'screen_name': 'arabnewsfr', 'name': 'arabnewsfr', 'id': '1273218547846729729'}]",[],[],0,6,0,['maroc'],[],https://twitter.com/ActusPays/status/1424845597501235201,TRUE,,0,,,,,1.27322E+18,Le #Maroc figure parmi les pays les plus avancés du monde en matière de campagne de vaccination et plus de 30% de sa population a été vaccinée. #Covid19 https://t.co/gfWYEQ76IL,1.42485E+18,[],2021-08-09 22:30:01 Morocco Daylight Time,,,
1.42483E+18,1.42483E+18,2021-08-09 21:46:43 Morocco Daylight Time,8/9/2021,9:46:43 PM,100,1.30084E+18,mourad42450322,mourad,,RT @Medi1tvAfrique: #Covid19 au #Maroc: 5.043 cas en 24H et plus de 11 millions de personnes complètement vaccinées #Restons_vigilants  http…,fr,"[{'screen_name': 'medi1tvafrique', 'name': 'medi1tv afrique', 'id': '918880957154897925'}]",[],[],0,2,0,"['covid19', 'maroc', 'restons_vigilants']",[],https://twitter.com/mourad42450322/status/1424834551952642051,TRUE,,0,,,,,9.18881E+17,"#Covid19 au #Maroc: 5.043 cas en 24H et plus de 11 millions de personnes complètement vaccinées
#Restons_vigilants https://t.co/UzC5V5tRk3",1.42478E+18,[],2021-08-09 18:00:30 Morocco Daylight Time,,,
1.42482E+18,1.42482E+18,2021-08-09 20:58:06 Morocco Daylight Time,8/9/2021,8:58:06 PM,100,414710036,kmoutaib,Kawthar Moutaïb 🇲🇦,,RT @Medi1tvAfrique: #Covid19 au #Maroc: 5.043 cas en 24H et plus de 11 millions de personnes complètement vaccinées #Restons_vigilants  http…,fr,"[{'screen_name': 'medi1tvafrique', 'name': 'medi1tv afrique', 'id': '918880957154897925'}]",[],[],0,2,0,"['covid19', 'maroc', 'restons_vigilants']",[],https://twitter.com/kmoutaib/status/1424822313686605834,TRUE,,0,,,,,9.18881E+17,"#Covid19 au #Maroc: 5.043 cas en 24H et plus de 11 millions de personnes complètement vaccinées
#Restons_vigilants https://t.co/UzC5V5tRk3",1.42478E+18,[],2021-08-09 18:00:30 Morocco Daylight Time,,,
1.4248E+18,1.4248E+18,2021-08-09 19:34:02 Morocco Daylight Time,8/9/2021,7:34:02 PM,100,3332469935,samivabien,Derb Sultan 🇲🇦🇶🇦,,"RT @Le360fr: 🇲🇦🦠| Bilan du jour #COVID19 #Maroc  ⚫️  69 décès  🔴  5.043 nouveaux cas 🟡  73.510 cas actifs 🟢  5.021 guérisons  ✅  11,06 mill…",fr,"[{'screen_name': 'le360fr', 'name': 'le360', 'id': '1010998194'}]",[],[],0,2,0,"['covid19', 'maroc']",[],https://twitter.com/SamiVaBien/status/1424801157067726849,TRUE,,0,,,,,1010998194,"🇲🇦🦠| Bilan du jour #COVID19 #Maroc

⚫️  69 décès 
🔴  5.043 nouveaux cas
🟡  73.510 cas actifs
🟢  5.021 guérisons 
✅  11,06 millions de vaccinées
https://t.co/i33yrQk3Jt",1.42477E+18,[],2021-08-09 17:15:18 Morocco Daylight Time,,,
1.42479E+18,1.42479E+18,2021-08-09 18:59:28 Morocco Daylight Time,8/9/2021,6:59:28 PM,100,1.36499E+18,rajiayoub5,Raji Ayoub,,RT @Ministere_Sante: النشرة  اليومية لنتائج الرصد الوبائي لكوفيد 19   https://t.co/zbMDdK1JOL #grippe #vaccins #نبقاو_على_بال #maroc #نخرجو_…,ar,"[{'screen_name': 'ministere_sante', 'name': 'ministère-santé-maroc ministry of health morocco', 'id': '2683723274'}]",['https://bit.ly/2U2fMjU'],[],0,3,0,"['grippe', 'vaccins', 'نبقاو_على_بال', 'maroc']",[],https://twitter.com/RajiAyoub5/status/1424792457997336584,TRUE,,0,,,,,2683723274,"النشرة  اليومية لنتائج الرصد الوبائي لكوفيد 19
 https://t.co/zbMDdK1JOL
#grippe #vaccins #نبقاو_على_بال #maroc #نخرجو_بأمان #وقايتنا #COVID19 https://t.co/1ZboltCRKq",1.42476E+18,[],2021-08-09 16:40:10 Morocco Daylight Time,,,
1.42478E+18,1.42478E+18,2021-08-09 17:56:54 Morocco Daylight Time,8/9/2021,5:56:54 PM,100,1464934128,ameelrcm,Amel,,RT @Le360fr: 🦠🇲🇦 | Le #Maroc serait en train d’entamer un aplatissement de la courbe épidémique #COVID19   https://t.co/33HjD2hoZe,fr,"[{'screen_name': 'le360fr', 'name': 'le360', 'id': '1010998194'}]",['https://fr.le360.ma/societe/covid-19-au-maroc-bientot-le-pic-de-la-troisieme-vague-243460'],[],0,8,0,"['maroc', 'covid19']",[],https://twitter.com/Ameelrcm/status/1424776714341728259,TRUE,,0,,,,,1010998194,"🦠🇲🇦 | Le #Maroc serait en train d’entamer un aplatissement de la courbe épidémique
#COVID19 
https://t.co/33HjD2hoZe",1.42472E+18,[],2021-08-09 14:26:36 Morocco Daylight Time,,,
1.42478E+18,1.42478E+18,2021-08-09 17:54:40 Morocco Daylight Time,8/9/2021,5:54:40 PM,100,1.02934E+18,el_mocroo,🌴☀️,,RT @Le360fr: 🦠🇲🇦 | Le #Maroc serait en train d’entamer un aplatissement de la courbe épidémique #COVID19   https://t.co/33HjD2hoZe,fr,"[{'screen_name': 'le360fr', 'name': 'le360', 'id': '1010998194'}]",['https://fr.le360.ma/societe/covid-19-au-maroc-bientot-le-pic-de-la-troisieme-vague-243460'],[],0,8,0,"['maroc', 'covid19']",[],https://twitter.com/el_mocroo/status/1424776151910735875,TRUE,,0,,,,,1010998194,"🦠🇲🇦 | Le #Maroc serait en train d’entamer un aplatissement de la courbe épidémique
#COVID19 
https://t.co/33HjD2hoZe",1.42472E+18,[],2021-08-09 14:26:36 Morocco Daylight Time,,,
1.42477E+18,1.42477E+18,2021-08-09 17:23:58 Morocco Daylight Time,8/9/2021,5:23:58 PM,100,590265089,yzhdass,ヤシン,,"RT @Le360fr: 🇲🇦🦠| Bilan du jour #COVID19 #Maroc  ⚫️  69 décès  🔴  5.043 nouveaux cas 🟡  73.510 cas actifs 🟢  5.021 guérisons  ✅  11,06 mill…",fr,"[{'screen_name': 'le360fr', 'name': 'le360', 'id': '1010998194'}]",[],[],0,2,0,"['covid19', 'maroc']",[],https://twitter.com/yzhdass/status/1424768427135279104,TRUE,,0,,,,,1010998194,"🇲🇦🦠| Bilan du jour #COVID19 #Maroc

⚫️  69 décès 
🔴  5.043 nouveaux cas
🟡  73.510 cas actifs
🟢  5.021 guérisons 
✅  11,06 millions de vaccinées
https://t.co/i33yrQk3Jt",1.42477E+18,[],2021-08-09 17:15:18 Morocco Daylight Time,,,
1.42477E+18,1.42477E+18,2021-08-09 17:10:42 Morocco Daylight Time,8/9/2021,5:10:42 PM,100,1.14134E+18,bentachfinn,إ🇲🇦 ۞,,RT @Le360fr: 🦠🇲🇦 | Le #Maroc serait en train d’entamer un aplatissement de la courbe épidémique #COVID19   https://t.co/33HjD2hoZe,fr,"[{'screen_name': 'le360fr', 'name': 'le360', 'id': '1010998194'}]",['https://fr.le360.ma/societe/covid-19-au-maroc-bientot-le-pic-de-la-troisieme-vague-243460'],[],0,8,0,"['maroc', 'covid19']",[],https://twitter.com/benTachfinn/status/1424765087949234185,TRUE,,0,,,,,1010998194,"🦠🇲🇦 | Le #Maroc serait en train d’entamer un aplatissement de la courbe épidémique
#COVID19 
https://t.co/33HjD2hoZe",1.42472E+18,[],2021-08-09 14:26:36 Morocco Daylight Time,,,
1.42475E+18,1.42475E+18,2021-08-09 16:07:05 Morocco Daylight Time,8/9/2021,4:07:05 PM,100,1.24169E+18,moderox2,moderox🇲🇦🇲🇫🇺🇸,,RT @Le360fr: 🦠🇲🇦 | Le #Maroc serait en train d’entamer un aplatissement de la courbe épidémique #COVID19   https://t.co/33HjD2hoZe,fr,"[{'screen_name': 'le360fr', 'name': 'le360', 'id': '1010998194'}]",['https://fr.le360.ma/societe/covid-19-au-maroc-bientot-le-pic-de-la-troisieme-vague-243460'],[],0,8,0,"['maroc', 'covid19']",[],https://twitter.com/moderox2/status/1424749079133925384,TRUE,,0,,,,,1010998194,"🦠🇲🇦 | Le #Maroc serait en train d’entamer un aplatissement de la courbe épidémique
#COVID19 
https://t.co/33HjD2hoZe",1.42472E+18,[],2021-08-09 14:26:36 Morocco Daylight Time,,,
1.42475E+18,1.42475E+18,2021-08-09 15:56:22 Morocco Daylight Time,8/9/2021,3:56:22 PM,100,2732370603,ilyass382,ilyas🇲🇦,,RT @Le360fr: 🧪 | Les laboratoires privés pratiquent des prix exorbitants et leur politique tarifaire pourrait constituer un frein à la poli…,fr,"[{'screen_name': 'le360fr', 'name': 'le360', 'id': '1010998194'}]",[],[],0,9,0,[],[],https://twitter.com/ilyass382/status/1424746380397064193,TRUE,,0,,,,,1010998194,"🧪 | Les laboratoires privés pratiquent des prix exorbitants et leur politique tarifaire pourrait constituer un frein à la politique du ministère de la Santé...
#Maroc #test #COVID19 
https://t.co/n6kzZeOzE3",1.42448E+18,[],2021-08-08 22:31:30 Morocco Daylight Time,,,
1.42472E+18,1.42472E+18,2021-08-09 14:27:36 Morocco Daylight Time,8/9/2021,2:27:36 PM,100,1.24544E+18,rozlbrahim,인생은 계속됩니다,,RT @Le360fr: 🦠🇲🇦 | Le #Maroc serait en train d’entamer un aplatissement de la courbe épidémique #COVID19   https://t.co/33HjD2hoZe,fr,"[{'screen_name': 'le360fr', 'name': 'le360', 'id': '1010998194'}]",['https://fr.le360.ma/societe/covid-19-au-maroc-bientot-le-pic-de-la-troisieme-vague-243460'],[],0,8,0,"['maroc', 'covid19']",[],https://twitter.com/Rozlbrahim/status/1424724044012736513,TRUE,,0,,,,,1010998194,"🦠🇲🇦 | Le #Maroc serait en train d’entamer un aplatissement de la courbe épidémique
#COVID19 
https://t.co/33HjD2hoZe",1.42472E+18,[],2021-08-09 14:26:36 Morocco Daylight Time,,,
1.42472E+18,1.42472E+18,2021-08-09 14:27:05 Morocco Daylight Time,8/9/2021,2:27:05 PM,100,1.3345E+18,soufianelagord,Liberté d'expression,,RT @Le360fr: 🦠🇲🇦 | Le #Maroc serait en train d’entamer un aplatissement de la courbe épidémique #COVID19   https://t.co/33HjD2hoZe,fr,"[{'screen_name': 'le360fr', 'name': 'le360', 'id': '1010998194'}]",['https://fr.le360.ma/societe/covid-19-au-maroc-bientot-le-pic-de-la-troisieme-vague-243460'],[],0,8,0,"['maroc', 'covid19']",[],https://twitter.com/SoufianeLagord/status/1424723910503849996,TRUE,,0,,,,,1010998194,"🦠🇲🇦 | Le #Maroc serait en train d’entamer un aplatissement de la courbe épidémique
#COVID19 
https://t.co/33HjD2hoZe",1.42472E+18,[],2021-08-09 14:26:36 Morocco Daylight Time,,,
1.42466E+18,1.42466E+18,2021-08-09 10:16:25 Morocco Daylight Time,8/9/2021,10:16:25 AM,100,1.26368E+18,benhachemmoham5,Benhachem mohammed,,RT @Ministere_Sante: النشرة  اليومية لنتائج الرصد الوبائي لكوفيد 19   https://t.co/YPOOVsAHuK #grippe #vaccins #نبقاو_على_بال #maroc #نخرجو_…,ar,"[{'screen_name': 'ministere_sante', 'name': 'ministère-santé-maroc ministry of health morocco', 'id': '2683723274'}]",['https://bit.ly/3lOGLex'],[],0,5,0,"['grippe', 'vaccins', 'نبقاو_على_بال', 'maroc']",[],https://twitter.com/Benhachemmoham5/status/1424660831480995843,TRUE,,0,,,,,2683723274,"النشرة  اليومية لنتائج الرصد الوبائي لكوفيد 19
 https://t.co/YPOOVsAHuK
#grippe #vaccins #نبقاو_على_بال #maroc #نخرجو_بأمان #وقايتنا #COVID19 https://t.co/OIibIK2KZG",1.4244E+18,[],2021-08-08 16:51:15 Morocco Daylight Time,,,
1.42459E+18,1.42459E+18,2021-08-09 05:48:54 Morocco Daylight Time,8/9/2021,5:48:54 AM,100,2345828980,drjamai,د. الوافي الجامعي,,RT @Le360fr: 🧪 | Les laboratoires privés pratiquent des prix exorbitants et leur politique tarifaire pourrait constituer un frein à la poli…,fr,"[{'screen_name': 'le360fr', 'name': 'le360', 'id': '1010998194'}]",[],[],0,9,0,[],[],https://twitter.com/DrJamai/status/1424593506304208896,TRUE,,0,,,,,1010998194,"🧪 | Les laboratoires privés pratiquent des prix exorbitants et leur politique tarifaire pourrait constituer un frein à la politique du ministère de la Santé...
#Maroc #test #COVID19 
https://t.co/n6kzZeOzE3",1.42448E+18,[],2021-08-08 22:31:30 Morocco Daylight Time,,,
1.42456E+18,1.42456E+18,2021-08-09 03:25:37 Morocco Daylight Time,8/9/2021,3:25:37 AM,100,1.1061E+18,saidsaadani2,Said Saadani,,"RT @KMedrek: Congratulations #Japan for organising, in time of uncertainty due to #Covid19, these wonderful #OlympicGames and we can’t wait…",en,"[{'screen_name': 'kmedrek', 'name': 'karim medrek', 'id': '1448363815'}]",[],[],0,5,0,"['japan', 'covid19', 'olympicgames']",[],https://twitter.com/SaidSaadani2/status/1424557448120061954,TRUE,,0,,,,,1448363815,"Congratulations #Japan for organising, in time of uncertainty due to #Covid19, these wonderful #OlympicGames and we can’t wait for @Paris2024. Here, the 65 countries with Gold medals🏅at #Tokyo2020. #JeuxOlympiques #UnitedByEmotion #Morocco #Maroc #StrongerTogether https://t.co/ub6DJZXknM",1.42434E+18,[],2021-08-08 12:44:28 Morocco Daylight Time,,,
1.42451E+18,1.42451E+18,2021-08-09 00:26:41 Morocco Daylight Time,8/9/2021,12:26:41 AM,100,1.02934E+18,el_mocroo,🌴☀️,,RT @Le360fr: 🧪 | Les laboratoires privés pratiquent des prix exorbitants et leur politique tarifaire pourrait constituer un frein à la poli…,fr,"[{'screen_name': 'le360fr', 'name': 'le360', 'id': '1010998194'}]",[],[],0,9,0,[],[],https://twitter.com/el_mocroo/status/1424512420903636993,TRUE,,0,,,,,1010998194,"🧪 | Les laboratoires privés pratiquent des prix exorbitants et leur politique tarifaire pourrait constituer un frein à la politique du ministère de la Santé...
#Maroc #test #COVID19 
https://t.co/n6kzZeOzE3",1.42448E+18,[],2021-08-08 22:31:30 Morocco Daylight Time,,,
1.42451E+18,1.42451E+18,2021-08-09 00:03:01 Morocco Daylight Time,8/9/2021,12:03:01 AM,100,414710036,kmoutaib,Kawthar Moutaïb 🇲🇦,,"RT @raniaEq: Malgré le fait qu'ils restent +accessible au #Maroc que ds la plupart des autres pays, les prix doivent être revus à la baisse…",fr,"[{'screen_name': 'raniaeq', 'name': '𝗥𝗮𝗻𝗶𝗮 𝗘𝗗𝗗𝗔𝗤𝗤𝗔𝗤', 'id': '2159308384'}]",[],[],0,1,0,['maroc'],[],https://twitter.com/kmoutaib/status/1424506461376458753,TRUE,https://twitter.com/Le360fr/status/1424483433737330691,0,,,,,2159308384,"Malgré le fait qu'ils restent +accessible au #Maroc que ds la plupart des autres pays, les prix doivent être revus à la baisse pour rendre la politique sanitaire d'urgence efficiente - comme en tps de guerre et on est en tps de guerre.. Alors appel à l'effort de guerre! #COVID19",1.42449E+18,[],2021-08-08 22:56:12 Morocco Daylight Time,,,
1.4245E+18,1.4245E+18,2021-08-08 23:44:24 Morocco Daylight Time,8/8/2021,11:44:24 PM,100,3635448137,damir_ayoub,Damir Ayoub,,"RT @Le360fr: 🇲🇦📈| De manière presque paradoxale, la crise de la #Covid19 a probablement servi d’accélérateur pour certaines réformes correc…",fr,"[{'screen_name': 'le360fr', 'name': 'le360', 'id': '1010998194'}]",[],[],0,11,0,['covid19'],[],https://twitter.com/damir_ayoub/status/1424501776733065219,TRUE,,0,,,,,1010998194,"🇲🇦📈| De manière presque paradoxale, la crise de la #Covid19 a probablement servi d’accélérateur pour certaines réformes correctives de lenteurs administratives très enracinées, qui pesaient de manière structurelle sur le ""Doing Business"" du #Maroc
https://t.co/Ie0tyVAVQt",1.42327E+18,[],2021-08-05 14:25:00 Morocco Daylight Time,,,
1.4245E+18,1.4245E+18,2021-08-08 23:34:49 Morocco Daylight Time,8/8/2021,11:34:49 PM,100,1.14134E+18,bentachfinn,إ🇲🇦 ۞,,RT @Le360fr: 🧪 | Les laboratoires privés pratiquent des prix exorbitants et leur politique tarifaire pourrait constituer un frein à la poli…,fr,"[{'screen_name': 'le360fr', 'name': 'le360', 'id': '1010998194'}]",[],[],0,9,0,[],[],https://twitter.com/benTachfinn/status/1424499365729685506,TRUE,,0,,,,,1010998194,"🧪 | Les laboratoires privés pratiquent des prix exorbitants et leur politique tarifaire pourrait constituer un frein à la politique du ministère de la Santé...
#Maroc #test #COVID19 
https://t.co/n6kzZeOzE3",1.42448E+18,[],2021-08-08 22:31:30 Morocco Daylight Time,,,
1.42449E+18,1.42449E+18,2021-08-08 23:09:16 Morocco Daylight Time,8/8/2021,11:09:16 PM,100,1.3076E+18,f_bellouch,FBellouch,,"RT @Le360fr: 🇲🇦📈| De manière presque paradoxale, la crise de la #Covid19 a probablement servi d’accélérateur pour certaines réformes correc…",fr,"[{'screen_name': 'le360fr', 'name': 'le360', 'id': '1010998194'}]",[],[],0,11,0,['covid19'],[],https://twitter.com/f_bellouch/status/1424492935026982915,TRUE,,0,,,,,1010998194,"🇲🇦📈| De manière presque paradoxale, la crise de la #Covid19 a probablement servi d’accélérateur pour certaines réformes correctives de lenteurs administratives très enracinées, qui pesaient de manière structurelle sur le ""Doing Business"" du #Maroc
https://t.co/Ie0tyVAVQt",1.42327E+18,[],2021-08-05 14:25:00 Morocco Daylight Time,,,
1.42449E+18,1.42449E+18,2021-08-08 22:49:01 Morocco Daylight Time,8/8/2021,10:49:01 PM,100,1.4103E+18,otisseghrine,Oumayma Tisseghrine,,RT @Ministere_Sante: النشرة  اليومية لنتائج الرصد الوبائي لكوفيد 19   https://t.co/YPOOVsAHuK #grippe #vaccins #نبقاو_على_بال #maroc #نخرجو_…,ar,"[{'screen_name': 'ministere_sante', 'name': 'ministère-santé-maroc ministry of health morocco', 'id': '2683723274'}]",['https://bit.ly/3lOGLex'],[],0,5,0,"['grippe', 'vaccins', 'نبقاو_على_بال', 'maroc']",[],https://twitter.com/OTisseghrine/status/1424487842114322433,TRUE,,0,,,,,2683723274,"النشرة  اليومية لنتائج الرصد الوبائي لكوفيد 19
 https://t.co/YPOOVsAHuK
#grippe #vaccins #نبقاو_على_بال #maroc #نخرجو_بأمان #وقايتنا #COVID19 https://t.co/OIibIK2KZG",1.4244E+18,[],2021-08-08 16:51:15 Morocco Daylight Time,,,
1.42449E+18,1.42449E+18,2021-08-08 22:41:35 Morocco Daylight Time,8/8/2021,10:41:35 PM,100,2640339852,history22nd,Eastern Sahara and Western Sahara are 🇲🇦🇲🇦,,"RT @Le360fr: 🇲🇦📈| De manière presque paradoxale, la crise de la #Covid19 a probablement servi d’accélérateur pour certaines réformes correc…",fr,"[{'screen_name': 'le360fr', 'name': 'le360', 'id': '1010998194'}]",[],[],0,11,0,['covid19'],[],https://twitter.com/history22nd/status/1424485970502688770,TRUE,,0,,,,,1010998194,"🇲🇦📈| De manière presque paradoxale, la crise de la #Covid19 a probablement servi d’accélérateur pour certaines réformes correctives de lenteurs administratives très enracinées, qui pesaient de manière structurelle sur le ""Doing Business"" du #Maroc
https://t.co/Ie0tyVAVQt",1.42327E+18,[],2021-08-05 14:25:00 Morocco Daylight Time,,,
1.42448E+18,1.42448E+18,2021-08-08 22:31:50 Morocco Daylight Time,8/8/2021,10:31:50 PM,100,9.52247E+17,viralvideovlogs,#StayHome,,RT @Le360fr: 🧪 | Les laboratoires privés pratiquent des prix exorbitants et leur politique tarifaire pourrait constituer un frein à la poli…,fr,"[{'screen_name': 'le360fr', 'name': 'le360', 'id': '1010998194'}]",[],[],0,9,0,[],[],https://twitter.com/viralvideovlogs/status/1424483516608356354,TRUE,,0,,,,,1010998194,"🧪 | Les laboratoires privés pratiquent des prix exorbitants et leur politique tarifaire pourrait constituer un frein à la politique du ministère de la Santé...
#Maroc #test #COVID19 
https://t.co/n6kzZeOzE3",1.42448E+18,[],2021-08-08 22:31:30 Morocco Daylight Time,,,
1.42448E+18,1.42448E+18,2021-08-08 22:31:49 Morocco Daylight Time,8/8/2021,10:31:49 PM,100,8.12761E+17,younewzz,Youf,,RT @Le360fr: 🧪 | Les laboratoires privés pratiquent des prix exorbitants et leur politique tarifaire pourrait constituer un frein à la poli…,fr,"[{'screen_name': 'le360fr', 'name': 'le360', 'id': '1010998194'}]",[],[],0,9,0,[],[],https://twitter.com/younewzz/status/1424483512288227331,TRUE,,0,,,,,1010998194,"🧪 | Les laboratoires privés pratiquent des prix exorbitants et leur politique tarifaire pourrait constituer un frein à la politique du ministère de la Santé...
#Maroc #test #COVID19 
https://t.co/n6kzZeOzE3",1.42448E+18,[],2021-08-08 22:31:30 Morocco Daylight Time,,,
1.42448E+18,1.42448E+18,2021-08-08 22:06:05 Morocco Daylight Time,8/8/2021,10:06:05 PM,100,1.10366E+18,hamalines,Hama Lines,,"RT @Le360fr: 🇲🇦📈| De manière presque paradoxale, la crise de la #Covid19 a probablement servi d’accélérateur pour certaines réformes correc…",fr,"[{'screen_name': 'le360fr', 'name': 'le360', 'id': '1010998194'}]",[],[],0,11,0,['covid19'],[],https://twitter.com/hamalines/status/1424477035729203204,TRUE,,0,,,,,1010998194,"🇲🇦📈| De manière presque paradoxale, la crise de la #Covid19 a probablement servi d’accélérateur pour certaines réformes correctives de lenteurs administratives très enracinées, qui pesaient de manière structurelle sur le ""Doing Business"" du #Maroc
https://t.co/Ie0tyVAVQt",1.42327E+18,[],2021-08-05 14:25:00 Morocco Daylight Time,,,
1.42447E+18,1.42447E+18,2021-08-08 21:44:17 Morocco Daylight Time,8/8/2021,9:44:17 PM,100,1.37145E+18,ziyadltst,Ziyadltst,,RT @Ministere_Sante: النشرة  اليومية لنتائج الرصد الوبائي لكوفيد 19   https://t.co/YPOOVsAHuK #grippe #vaccins #نبقاو_على_بال #maroc #نخرجو_…,ar,"[{'screen_name': 'ministere_sante', 'name': 'ministère-santé-maroc ministry of health morocco', 'id': '2683723274'}]",['https://bit.ly/3lOGLex'],[],0,5,0,"['grippe', 'vaccins', 'نبقاو_على_بال', 'maroc']",[],https://twitter.com/ziyadltst/status/1424471547851444227,TRUE,,0,,,,,2683723274,"النشرة  اليومية لنتائج الرصد الوبائي لكوفيد 19
 https://t.co/YPOOVsAHuK
#grippe #vaccins #نبقاو_على_بال #maroc #نخرجو_بأمان #وقايتنا #COVID19 https://t.co/OIibIK2KZG",1.4244E+18,[],2021-08-08 16:51:15 Morocco Daylight Time,,,
1.42447E+18,1.42447E+18,2021-08-08 21:24:59 Morocco Daylight Time,8/8/2021,9:24:59 PM,100,241635615,taherouazzani,taher ouazzani🇲🇦,,"RT @Le360fr: 🇲🇦📈| De manière presque paradoxale, la crise de la #Covid19 a probablement servi d’accélérateur pour certaines réformes correc…",fr,"[{'screen_name': 'le360fr', 'name': 'le360', 'id': '1010998194'}]",[],[],0,11,0,['covid19'],[],https://twitter.com/taherouazzani/status/1424466691933753349,TRUE,,0,,,,,1010998194,"🇲🇦📈| De manière presque paradoxale, la crise de la #Covid19 a probablement servi d’accélérateur pour certaines réformes correctives de lenteurs administratives très enracinées, qui pesaient de manière structurelle sur le ""Doing Business"" du #Maroc
https://t.co/Ie0tyVAVQt",1.42327E+18,[],2021-08-05 14:25:00 Morocco Daylight Time,,,
1.42446E+18,1.42446E+18,2021-08-08 21:11:33 Morocco Daylight Time,8/8/2021,9:11:33 PM,100,8.69758E+17,nomadwithyou,Canopus,,"RT @Le360fr: 🇲🇦📈| De manière presque paradoxale, la crise de la #Covid19 a probablement servi d’accélérateur pour certaines réformes correc…",fr,"[{'screen_name': 'le360fr', 'name': 'le360', 'id': '1010998194'}]",[],[],0,11,0,['covid19'],[],https://twitter.com/nomadwithyou/status/1424463313732243462,TRUE,,0,,,,,1010998194,"🇲🇦📈| De manière presque paradoxale, la crise de la #Covid19 a probablement servi d’accélérateur pour certaines réformes correctives de lenteurs administratives très enracinées, qui pesaient de manière structurelle sur le ""Doing Business"" du #Maroc
https://t.co/Ie0tyVAVQt",1.42327E+18,[],2021-08-05 14:25:00 Morocco Daylight Time,,,
1.42444E+18,1.42444E+18,2021-08-08 19:54:47 Morocco Daylight Time,8/8/2021,7:54:47 PM,100,1.36676E+18,phlinmorocco,Philippine Embassy in Morocco,,"RT @KMedrek: Congratulations #Japan for organising, in time of uncertainty due to #Covid19, these wonderful #OlympicGames and we can’t wait…",en,"[{'screen_name': 'kmedrek', 'name': 'karim medrek', 'id': '1448363815'}]",[],[],0,5,0,"['japan', 'covid19', 'olympicgames']",[],https://twitter.com/PHLinMorocco/status/1424443992045936641,TRUE,,0,,,,,1448363815,"Congratulations #Japan for organising, in time of uncertainty due to #Covid19, these wonderful #OlympicGames and we can’t wait for @Paris2024. Here, the 65 countries with Gold medals🏅at #Tokyo2020. #JeuxOlympiques #UnitedByEmotion #Morocco #Maroc #StrongerTogether https://t.co/ub6DJZXknM",1.42434E+18,[],2021-08-08 12:44:28 Morocco Daylight Time,,,
1.42443E+18,1.42443E+18,2021-08-08 18:50:10 Morocco Daylight Time,8/8/2021,6:50:10 PM,100,1.26642E+18,redahilali5,Reda Hilali,,RT @Ministere_Sante: النشرة  اليومية لنتائج الرصد الوبائي لكوفيد 19   https://t.co/YPOOVsAHuK #grippe #vaccins #نبقاو_على_بال #maroc #نخرجو_…,ar,"[{'screen_name': 'ministere_sante', 'name': 'ministère-santé-maroc ministry of health morocco', 'id': '2683723274'}]",['https://bit.ly/3lOGLex'],[],0,5,0,"['grippe', 'vaccins', 'نبقاو_على_بال', 'maroc']",[],https://twitter.com/RedaHilali5/status/1424427731291361285,TRUE,,0,,,,,2683723274,"النشرة  اليومية لنتائج الرصد الوبائي لكوفيد 19
 https://t.co/YPOOVsAHuK
#grippe #vaccins #نبقاو_على_بال #maroc #نخرجو_بأمان #وقايتنا #COVID19 https://t.co/OIibIK2KZG",1.4244E+18,[],2021-08-08 16:51:15 Morocco Daylight Time,,,
1.42441E+18,1.42441E+18,2021-08-08 17:47:04 Morocco Daylight Time,8/8/2021,5:47:04 PM,100,388792430,farihi02,فاريحي ياسين,,RT @Ministere_Sante: النشرة  اليومية لنتائج الرصد الوبائي لكوفيد 19   https://t.co/YPOOVsAHuK #grippe #vaccins #نبقاو_على_بال #maroc #نخرجو_…,ar,"[{'screen_name': 'ministere_sante', 'name': 'ministère-santé-maroc ministry of health morocco', 'id': '2683723274'}]",['https://bit.ly/3lOGLex'],[],0,5,0,"['grippe', 'vaccins', 'نبقاو_على_بال', 'maroc']",[],https://twitter.com/farihi02/status/1424411852180791296,TRUE,,0,,,,,2683723274,"النشرة  اليومية لنتائج الرصد الوبائي لكوفيد 19
 https://t.co/YPOOVsAHuK
#grippe #vaccins #نبقاو_على_بال #maroc #نخرجو_بأمان #وقايتنا #COVID19 https://t.co/OIibIK2KZG",1.4244E+18,[],2021-08-08 16:51:15 Morocco Daylight Time,,,
1.42441E+18,1.42441E+18,2021-08-08 17:40:11 Morocco Daylight Time,8/8/2021,5:40:11 PM,100,1.42153E+18,boutainakhayal,Boutaina_Khayal 👩🏻‍💼🇲🇦,,RT @Le360fr: Bilan du jour #COVID19 #Maroc ⚫️ 80 décès  🔴 8.990 nouveaux cas 🟡 73.557 cas actifs 🟢 6.959 guérisons   https://t.co/6v6nueGomF,fr,"[{'screen_name': 'le360fr', 'name': 'le360', 'id': '1010998194'}]",['https://fr.le360.ma/societe/coronavirus-au-maroc-8990-nouvelles-contaminations-80-deces-et-73557-cas-encore-actifs-243413'],[],0,2,0,"['covid19', 'maroc']",[],https://twitter.com/BoutainaKhayal/status/1424410119031377920,TRUE,,0,,,,,1010998194,"Bilan du jour #COVID19 #Maroc
⚫️ 80 décès 
🔴 8.990 nouveaux cas
🟡 73.557 cas actifs
🟢 6.959 guérisons 
https://t.co/6v6nueGomF",1.4244E+18,[],2021-08-08 16:51:20 Morocco Daylight Time,,,
1.4244E+18,1.4244E+18,2021-08-08 17:16:02 Morocco Daylight Time,8/8/2021,5:16:02 PM,100,1.41829E+18,boyceaujack78,boyceaujack,,RT @Le360fr: Bilan du jour #COVID19 #Maroc ⚫️ 80 décès  🔴 8.990 nouveaux cas 🟡 73.557 cas actifs 🟢 6.959 guérisons   https://t.co/6v6nueGomF,fr,"[{'screen_name': 'le360fr', 'name': 'le360', 'id': '1010998194'}]",['https://fr.le360.ma/societe/coronavirus-au-maroc-8990-nouvelles-contaminations-80-deces-et-73557-cas-encore-actifs-243413'],[],0,2,0,"['covid19', 'maroc']",[],https://twitter.com/boyceaujack78/status/1424404042265022468,TRUE,,0,,,,,1010998194,"Bilan du jour #COVID19 #Maroc
⚫️ 80 décès 
🔴 8.990 nouveaux cas
🟡 73.557 cas actifs
🟢 6.959 guérisons 
https://t.co/6v6nueGomF",1.4244E+18,[],2021-08-08 16:51:20 Morocco Daylight Time,,,
1.42438E+18,1.42438E+18,2021-08-08 15:39:09 Morocco Daylight Time,8/8/2021,3:39:09 PM,100,1.32519E+18,moroccocouncil,Australia Morocco Business Council,,"RT @KMedrek: Congratulations #Japan for organising, in time of uncertainty due to #Covid19, these wonderful #OlympicGames and we can’t wait…",en,"[{'screen_name': 'kmedrek', 'name': 'karim medrek', 'id': '1448363815'}]",[],[],0,5,0,"['japan', 'covid19', 'olympicgames']",[],https://twitter.com/MoroccoCouncil/status/1424379661904134151,TRUE,,0,,,,,1448363815,"Congratulations #Japan for organising, in time of uncertainty due to #Covid19, these wonderful #OlympicGames and we can’t wait for @Paris2024. Here, the 65 countries with Gold medals🏅at #Tokyo2020. #JeuxOlympiques #UnitedByEmotion #Morocco #Maroc #StrongerTogether https://t.co/ub6DJZXknM",1.42434E+18,[],2021-08-08 12:44:28 Morocco Daylight Time,,,
1.42436E+18,1.42436E+18,2021-08-08 14:07:38 Morocco Daylight Time,8/8/2021,2:07:38 PM,100,549961891,idrissbarhon,idriss 🇲🇦,,"RT @KMedrek: Congratulations #Japan for organising, in time of uncertainty due to #Covid19, these wonderful #OlympicGames and we can’t wait…",en,"[{'screen_name': 'kmedrek', 'name': 'karim medrek', 'id': '1448363815'}]",[],[],0,5,0,"['japan', 'covid19', 'olympicgames']",[],https://twitter.com/Idrissbarhon/status/1424356630905475072,TRUE,,0,,,,,1448363815,"Congratulations #Japan for organising, in time of uncertainty due to #Covid19, these wonderful #OlympicGames and we can’t wait for @Paris2024. Here, the 65 countries with Gold medals🏅at #Tokyo2020. #JeuxOlympiques #UnitedByEmotion #Morocco #Maroc #StrongerTogether https://t.co/ub6DJZXknM",1.42434E+18,[],2021-08-08 12:44:28 Morocco Daylight Time,,,
1.42434E+18,1.42434E+18,2021-08-08 12:42:53 Morocco Daylight Time,8/8/2021,12:42:53 PM,100,3195088127,zakariael94,Zakaria El Berrah,,RT @Ministere_Sante: النشرة  اليومية لنتائج الرصد الوبائي لكوفيد 19   https://t.co/UFAS6qkNsN #grippe #vaccins #نبقاو_على_بال #maroc #نخرجو_…,ar,"[{'screen_name': 'ministere_sante', 'name': 'ministère-santé-maroc ministry of health morocco', 'id': '2683723274'}]",['https://bit.ly/3yIsAeg'],[],0,1,0,"['grippe', 'vaccins', 'نبقاو_على_بال', 'maroc']",[],https://twitter.com/ZakariaEl94/status/1424335302231986177,TRUE,,0,,,,,2683723274,"النشرة  اليومية لنتائج الرصد الوبائي لكوفيد 19
 https://t.co/UFAS6qkNsN
#grippe #vaccins #نبقاو_على_بال #maroc #نخرجو_بأمان #وقايتنا #COVID19 https://t.co/YAuru0WqlS",1.42404E+18,[],2021-08-07 17:08:42 Morocco Daylight Time,,,
1.42425E+18,1.42425E+18,2021-08-08 06:48:15 Morocco Daylight Time,8/8/2021,6:48:15 AM,100,293606138,bellmanno82,Völuspá,,"RT @LeDesk_ma: #COVID19 #Maroc : 10 609 nouveaux cas confirmés en 24H, 92 décès #LeDesk  https://t.co/vm6Tq1CX0x via @LeDesk_ma",fr,"[{'screen_name': 'ledesk_ma', 'name': 'le desk', 'id': '2994407410'}, {'screen_name': 'ledesk_ma', 'name': 'le desk', 'id': '2994407410'}]",['https://ledesk.ma/live-content/covid-19-10-609-nouveaux-cas-confirmes-en-24h-92-deces/'],[],0,6,0,"['covid19', 'maroc', 'ledesk']",[],https://twitter.com/bellmanNo82/status/1424246054103523329,TRUE,,0,,,,,2994407410,"#COVID19 #Maroc : 10 609 nouveaux cas confirmés en 24H, 92 décès #LeDesk https://t.co/vm6Tq1CX0x via @LeDesk_ma",1.42404E+18,[],2021-08-07 17:01:15 Morocco Daylight Time,,,
1.42413E+18,1.42413E+18,2021-08-07 23:24:01 Morocco Daylight Time,8/7/2021,11:24:01 PM,100,1.25203E+18,bougieboise,bougieboise 🎗,,"RT @LeDesk_ma: #COVID19 #Maroc : 10 609 nouveaux cas confirmés en 24H, 92 décès #LeDesk  https://t.co/vm6Tq1CX0x via @LeDesk_ma",fr,"[{'screen_name': 'ledesk_ma', 'name': 'le desk', 'id': '2994407410'}, {'screen_name': 'ledesk_ma', 'name': 'le desk', 'id': '2994407410'}]",['https://ledesk.ma/live-content/covid-19-10-609-nouveaux-cas-confirmes-en-24h-92-deces/'],[],0,6,0,"['covid19', 'maroc', 'ledesk']",[],https://twitter.com/bougieboise/status/1424134259426701315,TRUE,,0,,,,,2994407410,"#COVID19 #Maroc : 10 609 nouveaux cas confirmés en 24H, 92 décès #LeDesk https://t.co/vm6Tq1CX0x via @LeDesk_ma",1.42404E+18,[],2021-08-07 17:01:15 Morocco Daylight Time,,,
1.4241E+18,1.4241E+18,2021-08-07 21:20:33 Morocco Daylight Time,8/7/2021,9:20:33 PM,100,218210517,hamza_squalli,Hamza 🎗,,"RT @LeDesk_ma: #COVID19 #Maroc : 10 609 nouveaux cas confirmés en 24H, 92 décès #LeDesk  https://t.co/vm6Tq1CX0x via @LeDesk_ma",fr,"[{'screen_name': 'ledesk_ma', 'name': 'le desk', 'id': '2994407410'}, {'screen_name': 'ledesk_ma', 'name': 'le desk', 'id': '2994407410'}]",['https://ledesk.ma/live-content/covid-19-10-609-nouveaux-cas-confirmes-en-24h-92-deces/'],[],0,6,0,"['covid19', 'maroc', 'ledesk']",[],https://twitter.com/Hamza_SQUALLI/status/1424103189486444547,TRUE,,0,,,,,2994407410,"#COVID19 #Maroc : 10 609 nouveaux cas confirmés en 24H, 92 décès #LeDesk https://t.co/vm6Tq1CX0x via @LeDesk_ma",1.42404E+18,[],2021-08-07 17:01:15 Morocco Daylight Time,,,
1.42409E+18,1.42409E+18,2021-08-07 20:42:49 Morocco Daylight Time,8/7/2021,8:42:49 PM,100,1.26455E+18,corona_ssyt,Corona Virus Updates,,RT @mrcdiplomatique: #COVID19 : Le #Maroc élargit la #vaccination aux 20 ans et plus  https://t.co/WxFILFBc4P via @mrcdiplomatique,fr,"[{'screen_name': 'mrcdiplomatique', 'name': 'marocdiplomatique', 'id': '732857383035281408'}, {'screen_name': 'mrcdiplomatique', 'name': 'marocdiplomatique', 'id': '732857383035281408'}]",['https://wp.me/p6Uq9D-10Hm'],[],0,3,0,"['covid19', 'maroc', 'vaccination']",[],https://twitter.com/Corona_SSYT/status/1424093694991294467,TRUE,,0,,,,,7.32857E+17,#COVID19 : Le #Maroc élargit la #vaccination aux 20 ans et plus https://t.co/WxFILFBc4P via @mrcdiplomatique,1.42394E+18,[],2021-08-07 10:40:39 Morocco Daylight Time,,,
1.42409E+18,1.42409E+18,2021-08-07 20:22:32 Morocco Daylight Time,8/7/2021,8:22:32 PM,100,1.32519E+18,moroccocouncil,Australia Morocco Business Council,,"RT @DcpEnsSup: توسيع الفئة المستهدفة بالتلقيح ضد كوفيد 19 لتشمل الفئة العمرية ""20 سنة فما فوق"". #التعليم_العالي #البحث_العلمي #كورونا #المغ…",ar,"[{'screen_name': 'dcpenssup', 'name': 'direction de la coopération et du partenariat', 'id': '1143114554601291776'}]",[],[],0,1,0,"['التعليم_العالي', 'البحث_العلمي', 'كورونا']",[],https://twitter.com/MoroccoCouncil/status/1424088586979356673,TRUE,,0,,,,,1.14311E+18,"توسيع الفئة المستهدفة بالتلقيح ضد كوفيد 19 لتشمل الفئة العمرية ""20 سنة فما فوق"".
#التعليم_العالي #البحث_العلمي #كورونا #المغرب
#DCP #EnseignementSupérieur #RechercheScientifique #CoronaVirus #Covid19 #Maroc https://t.co/A3hASyfiK8",1.42406E+18,[],2021-08-07 18:17:07 Morocco Daylight Time,,,
1.42405E+18,1.42405E+18,2021-08-07 17:56:05 Morocco Daylight Time,8/7/2021,5:56:05 PM,100,546291362,whoopsement,💉💪❤,,RT @Le360fr: ⚠️| #Coronavirus au #Maroc: un record de 92 décès  #COVID19 #Mar  https://t.co/HeJaDYuVuL,fr,"[{'screen_name': 'le360fr', 'name': 'le360', 'id': '1010998194'}]",[],['https://pbs.twimg.com/media/E8M03UQWYAoJlX0.jpg'],0,6,0,"['coronavirus', 'maroc', 'covid19', 'mar']",[],https://twitter.com/Whoopsement/status/1424051731558772736,TRUE,,1,https://pbs.twimg.com/media/E8M03UQWYAoJlX0.jpg,,,,1010998194,"⚠️| #Coronavirus au #Maroc: un record de 92 décès

#COVID19 #Mar https://t.co/HeJaDYuVuL",1.42404E+18,[],2021-08-07 17:09:37 Morocco Daylight Time,,,
1.42405E+18,1.42405E+18,2021-08-07 17:53:26 Morocco Daylight Time,8/7/2021,5:53:26 PM,100,1.24056E+18,covid19_alerts,Covid19 Alerts,,RT @Le360fr: ⚠️| #Coronavirus au #Maroc: un record de 92 décès  #COVID19 #Mar  https://t.co/HeJaDYuVuL,fr,"[{'screen_name': 'le360fr', 'name': 'le360', 'id': '1010998194'}]",[],['https://pbs.twimg.com/media/E8M03UQWYAoJlX0.jpg'],0,6,0,"['coronavirus', 'maroc', 'covid19', 'mar']",[],https://twitter.com/covid19_alerts/status/1424051066006491139,TRUE,,1,https://pbs.twimg.com/media/E8M03UQWYAoJlX0.jpg,,,,1010998194,"⚠️| #Coronavirus au #Maroc: un record de 92 décès

#COVID19 #Mar https://t.co/HeJaDYuVuL",1.42404E+18,[],2021-08-07 17:09:37 Morocco Daylight Time,,,
1.42405E+18,1.42405E+18,2021-08-07 17:52:53 Morocco Daylight Time,8/7/2021,5:52:53 PM,100,9.52247E+17,viralvideovlogs,#StayHome,,RT @Le360fr: ⚠️| #Coronavirus au #Maroc: un record de 92 décès  #COVID19 #Mar  https://t.co/HeJaDYuVuL,fr,"[{'screen_name': 'le360fr', 'name': 'le360', 'id': '1010998194'}]",[],['https://pbs.twimg.com/media/E8M03UQWYAoJlX0.jpg'],0,6,0,"['coronavirus', 'maroc', 'covid19', 'mar']",[],https://twitter.com/viralvideovlogs/status/1424050926382456837,TRUE,,1,https://pbs.twimg.com/media/E8M03UQWYAoJlX0.jpg,,,,1010998194,"⚠️| #Coronavirus au #Maroc: un record de 92 décès

#COVID19 #Mar https://t.co/HeJaDYuVuL",1.42404E+18,[],2021-08-07 17:09:37 Morocco Daylight Time,,,
1.42405E+18,1.42405E+18,2021-08-07 17:52:52 Morocco Daylight Time,8/7/2021,5:52:52 PM,100,414710036,kmoutaib,Kawthar Moutaïb 🇲🇦,,RT @Le360fr: ⚠️| #Coronavirus au #Maroc: un record de 92 décès  #COVID19 #Mar  https://t.co/HeJaDYuVuL,fr,"[{'screen_name': 'le360fr', 'name': 'le360', 'id': '1010998194'}]",[],['https://pbs.twimg.com/media/E8M03UQWYAoJlX0.jpg'],0,6,0,"['coronavirus', 'maroc', 'covid19', 'mar']",[],https://twitter.com/kmoutaib/status/1424050923593256967,TRUE,,1,https://pbs.twimg.com/media/E8M03UQWYAoJlX0.jpg,,,,1010998194,"⚠️| #Coronavirus au #Maroc: un record de 92 décès

#COVID19 #Mar https://t.co/HeJaDYuVuL",1.42404E+18,[],2021-08-07 17:09:37 Morocco Daylight Time,,,
1.42405E+18,1.42405E+18,2021-08-07 17:51:30 Morocco Daylight Time,8/7/2021,5:51:30 PM,100,1.14134E+18,bentachfinn,إ🇲🇦 ۞,,RT @Le360fr: ⚠️| #Coronavirus au #Maroc: un record de 92 décès  #COVID19 #Mar  https://t.co/HeJaDYuVuL,fr,"[{'screen_name': 'le360fr', 'name': 'le360', 'id': '1010998194'}]",[],['https://pbs.twimg.com/media/E8M03UQWYAoJlX0.jpg'],0,6,0,"['coronavirus', 'maroc', 'covid19', 'mar']",[],https://twitter.com/benTachfinn/status/1424050578720792577,TRUE,,1,https://pbs.twimg.com/media/E8M03UQWYAoJlX0.jpg,,,,1010998194,"⚠️| #Coronavirus au #Maroc: un record de 92 décès

#COVID19 #Mar https://t.co/HeJaDYuVuL",1.42404E+18,[],2021-08-07 17:09:37 Morocco Daylight Time,,,
1.42404E+18,1.42404E+18,2021-08-07 17:23:22 Morocco Daylight Time,8/7/2021,5:23:22 PM,100,1.24544E+18,rozlbrahim,인생은 계속됩니다,,RT @Le360fr: ⚠️| #Coronavirus au #Maroc: un record de 92 décès  #COVID19 #Mar  https://t.co/HeJaDYuVuL,fr,"[{'screen_name': 'le360fr', 'name': 'le360', 'id': '1010998194'}]",[],['https://pbs.twimg.com/media/E8M03UQWYAoJlX0.jpg'],0,6,0,"['coronavirus', 'maroc', 'covid19', 'mar']",[],https://twitter.com/Rozlbrahim/status/1424043499603771397,TRUE,,1,https://pbs.twimg.com/media/E8M03UQWYAoJlX0.jpg,,,,1010998194,"⚠️| #Coronavirus au #Maroc: un record de 92 décès

#COVID19 #Mar https://t.co/HeJaDYuVuL",1.42404E+18,[],2021-08-07 17:09:37 Morocco Daylight Time,,,
1.42404E+18,1.42404E+18,2021-08-07 17:02:32 Morocco Daylight Time,8/7/2021,5:02:32 PM,100,3043331595,marocamar,Ali Amar,,"RT @LeDesk_ma: #COVID19 #Maroc : 10 609 nouveaux cas confirmés en 24H, 92 décès #LeDesk  https://t.co/vm6Tq1CX0x via @LeDesk_ma",fr,"[{'screen_name': 'ledesk_ma', 'name': 'le desk', 'id': '2994407410'}, {'screen_name': 'ledesk_ma', 'name': 'le desk', 'id': '2994407410'}]",['https://ledesk.ma/live-content/covid-19-10-609-nouveaux-cas-confirmes-en-24h-92-deces/'],[],0,6,0,"['covid19', 'maroc', 'ledesk']",[],https://twitter.com/MarocAmar/status/1424038258665836544,TRUE,,0,,,,,2994407410,"#COVID19 #Maroc : 10 609 nouveaux cas confirmés en 24H, 92 décès #LeDesk https://t.co/vm6Tq1CX0x via @LeDesk_ma",1.42404E+18,[],2021-08-07 17:01:15 Morocco Daylight Time,,,
1.42402E+18,1.42402E+18,2021-08-07 15:43:45 Morocco Daylight Time,8/7/2021,3:43:45 PM,100,9.52247E+17,viralvideovlogs,#StayHome,,RT @Ministere_Sante: النشرة  اليومية لنتائج الرصد الوبائي لكوفيد 19   https://t.co/MzKu4sLMjT #grippe #vaccins #نبقاو_على_بال #maroc #نخرجو_…,ar,"[{'screen_name': 'ministere_sante', 'name': 'ministère-santé-maroc ministry of health morocco', 'id': '2683723274'}]",['https://bit.ly/3iqTLEL'],[],0,2,0,"['grippe', 'vaccins', 'نبقاو_على_بال', 'maroc']",[],https://twitter.com/viralvideovlogs/status/1424018430009675777,TRUE,,0,,,,,2683723274,"النشرة  اليومية لنتائج الرصد الوبائي لكوفيد 19
 https://t.co/MzKu4sLMjT
#grippe #vaccins #نبقاو_على_بال #maroc #نخرجو_بأمان #وقايتنا #COVID19 https://t.co/vg5Zzuiy18",1.42368E+18,[],2021-08-06 17:03:23 Morocco Daylight Time,,,
1.42402E+18,1.42402E+18,2021-08-07 15:43:44 Morocco Daylight Time,8/7/2021,3:43:44 PM,100,3195088127,zakariael94,Zakaria El Berrah,,RT @Ministere_Sante: النشرة  اليومية لنتائج الرصد الوبائي لكوفيد 19   https://t.co/MzKu4sLMjT #grippe #vaccins #نبقاو_على_بال #maroc #نخرجو_…,ar,"[{'screen_name': 'ministere_sante', 'name': 'ministère-santé-maroc ministry of health morocco', 'id': '2683723274'}]",['https://bit.ly/3iqTLEL'],[],0,2,0,"['grippe', 'vaccins', 'نبقاو_على_بال', 'maroc']",[],https://twitter.com/ZakariaEl94/status/1424018426268356608,TRUE,,0,,,,,2683723274,"النشرة  اليومية لنتائج الرصد الوبائي لكوفيد 19
 https://t.co/MzKu4sLMjT
#grippe #vaccins #نبقاو_على_بال #maroc #نخرجو_بأمان #وقايتنا #COVID19 https://t.co/vg5Zzuiy18",1.42368E+18,[],2021-08-06 17:03:23 Morocco Daylight Time,,,
1.42398E+18,1.42398E+18,2021-08-07 13:01:47 Morocco Daylight Time,8/7/2021,1:01:47 PM,100,4570179557,baratto_m,Marco Baratto,,RT @mrcdiplomatique: #COVID19 : Le #Maroc élargit la #vaccination aux 20 ans et plus  https://t.co/WxFILFBc4P via @mrcdiplomatique,fr,"[{'screen_name': 'mrcdiplomatique', 'name': 'marocdiplomatique', 'id': '732857383035281408'}, {'screen_name': 'mrcdiplomatique', 'name': 'marocdiplomatique', 'id': '732857383035281408'}]",['https://wp.me/p6Uq9D-10Hm'],[],0,3,0,"['covid19', 'maroc', 'vaccination']",[],https://twitter.com/baratto_m/status/1423977670845648896,TRUE,,0,,,,,7.32857E+17,#COVID19 : Le #Maroc élargit la #vaccination aux 20 ans et plus https://t.co/WxFILFBc4P via @mrcdiplomatique,1.42394E+18,[],2021-08-07 10:40:39 Morocco Daylight Time,,,
1.42397E+18,1.42397E+18,2021-08-07 12:21:21 Morocco Daylight Time,8/7/2021,12:21:21 PM,100,3043331595,marocamar,Ali Amar,,RT @LeDesk_ma: La campagne de vaccination antiCovid-19 élargie aux personnes âgées de 20 ans et plus  https://t.co/lgq76295Qt via @LeDesk_ma…,fr,"[{'screen_name': 'ledesk_ma', 'name': 'le desk', 'id': '2994407410'}, {'screen_name': 'ledesk_ma', 'name': 'le desk', 'id': '2994407410'}]",['https://ledesk.ma/encontinu/la-campagne-de-vaccination-anticovid-19-elargie-aux-personnes-agees-de-20-ans-et-plus/'],[],0,6,0,[],[],https://twitter.com/MarocAmar/status/1423967495791255557,TRUE,,0,,,,,2994407410,La campagne de vaccination antiCovid-19 élargie aux personnes âgées de 20 ans et plus https://t.co/lgq76295Qt via @LeDesk_ma #LeDesk #Maroc #Covid19,1.42392E+18,[],2021-08-07 09:29:14 Morocco Daylight Time,,,
1.42396E+18,1.42396E+18,2021-08-07 11:53:43 Morocco Daylight Time,8/7/2021,11:53:43 AM,100,8.59873E+17,amineelyy,Amine Ely,,RT @LeDesk_ma: La campagne de vaccination antiCovid-19 élargie aux personnes âgées de 20 ans et plus  https://t.co/lgq76295Qt via @LeDesk_ma…,fr,"[{'screen_name': 'ledesk_ma', 'name': 'le desk', 'id': '2994407410'}, {'screen_name': 'ledesk_ma', 'name': 'le desk', 'id': '2994407410'}]",['https://ledesk.ma/encontinu/la-campagne-de-vaccination-anticovid-19-elargie-aux-personnes-agees-de-20-ans-et-plus/'],[],0,6,0,[],[],https://twitter.com/amineElyy/status/1423960539584151553,TRUE,,0,,,,,2994407410,La campagne de vaccination antiCovid-19 élargie aux personnes âgées de 20 ans et plus https://t.co/lgq76295Qt via @LeDesk_ma #LeDesk #Maroc #Covid19,1.42392E+18,[],2021-08-07 09:29:14 Morocco Daylight Time,,,
1.42395E+18,1.42395E+18,2021-08-07 11:25:17 Morocco Daylight Time,8/7/2021,11:25:17 AM,100,1402717165,hanahjej,hanna hanna,,RT @LeDesk_ma: La campagne de vaccination antiCovid-19 élargie aux personnes âgées de 20 ans et plus  https://t.co/lgq76295Qt via @LeDesk_ma…,fr,"[{'screen_name': 'ledesk_ma', 'name': 'le desk', 'id': '2994407410'}, {'screen_name': 'ledesk_ma', 'name': 'le desk', 'id': '2994407410'}]",['https://ledesk.ma/encontinu/la-campagne-de-vaccination-anticovid-19-elargie-aux-personnes-agees-de-20-ans-et-plus/'],[],0,6,0,[],[],https://twitter.com/hanahjej/status/1423953387020767233,TRUE,,0,,,,,2994407410,La campagne de vaccination antiCovid-19 élargie aux personnes âgées de 20 ans et plus https://t.co/lgq76295Qt via @LeDesk_ma #LeDesk #Maroc #Covid19,1.42392E+18,[],2021-08-07 09:29:14 Morocco Daylight Time,,,
1.42395E+18,1.42395E+18,2021-08-07 11:24:48 Morocco Daylight Time,8/7/2021,11:24:48 AM,100,414710036,kmoutaib,Kawthar Moutaïb 🇲🇦,,RT @LeDesk_ma: La campagne de vaccination antiCovid-19 élargie aux personnes âgées de 20 ans et plus  https://t.co/lgq76295Qt via @LeDesk_ma…,fr,"[{'screen_name': 'ledesk_ma', 'name': 'le desk', 'id': '2994407410'}, {'screen_name': 'ledesk_ma', 'name': 'le desk', 'id': '2994407410'}]",['https://ledesk.ma/encontinu/la-campagne-de-vaccination-anticovid-19-elargie-aux-personnes-agees-de-20-ans-et-plus/'],[],0,6,0,[],[],https://twitter.com/kmoutaib/status/1423953265138470914,TRUE,,0,,,,,2994407410,La campagne de vaccination antiCovid-19 élargie aux personnes âgées de 20 ans et plus https://t.co/lgq76295Qt via @LeDesk_ma #LeDesk #Maroc #Covid19,1.42392E+18,[],2021-08-07 09:29:14 Morocco Daylight Time,,,
1.42394E+18,1.42394E+18,2021-08-07 10:42:18 Morocco Daylight Time,8/7/2021,10:42:18 AM,100,1.24544E+18,rozlbrahim,인생은 계속됩니다,,RT @mrcdiplomatique: #COVID19 : Le #Maroc élargit la #vaccination aux 20 ans et plus  https://t.co/WxFILFBc4P via @mrcdiplomatique,fr,"[{'screen_name': 'mrcdiplomatique', 'name': 'marocdiplomatique', 'id': '732857383035281408'}, {'screen_name': 'mrcdiplomatique', 'name': 'marocdiplomatique', 'id': '732857383035281408'}]",['https://wp.me/p6Uq9D-10Hm'],[],0,3,0,"['covid19', 'maroc', 'vaccination']",[],https://twitter.com/Rozlbrahim/status/1423942566706286595,TRUE,,0,,,,,7.32857E+17,#COVID19 : Le #Maroc élargit la #vaccination aux 20 ans et plus https://t.co/WxFILFBc4P via @mrcdiplomatique,1.42394E+18,[],2021-08-07 10:40:39 Morocco Daylight Time,,,
1.42393E+18,1.42393E+18,2021-08-07 10:09:19 Morocco Daylight Time,8/7/2021,10:09:19 AM,100,1.32519E+18,moroccocouncil,Australia Morocco Business Council,,RT @LeDesk_ma: La campagne de vaccination antiCovid-19 élargie aux personnes âgées de 20 ans et plus  https://t.co/lgq76295Qt via @LeDesk_ma…,fr,"[{'screen_name': 'ledesk_ma', 'name': 'le desk', 'id': '2994407410'}, {'screen_name': 'ledesk_ma', 'name': 'le desk', 'id': '2994407410'}]",['https://ledesk.ma/encontinu/la-campagne-de-vaccination-anticovid-19-elargie-aux-personnes-agees-de-20-ans-et-plus/'],[],0,6,0,[],[],https://twitter.com/MoroccoCouncil/status/1423934268347228162,TRUE,,0,,,,,2994407410,La campagne de vaccination antiCovid-19 élargie aux personnes âgées de 20 ans et plus https://t.co/lgq76295Qt via @LeDesk_ma #LeDesk #Maroc #Covid19,1.42392E+18,[],2021-08-07 09:29:14 Morocco Daylight Time,,,
1.42392E+18,1.42392E+18,2021-08-07 09:30:00 Morocco Daylight Time,8/7/2021,9:30:00 AM,100,160812512,maskedanwaeldin,Die Rechtsanwaeldin wartet auf den 2.Impftermin,,RT @LeDesk_ma: La campagne de vaccination antiCovid-19 élargie aux personnes âgées de 20 ans et plus  https://t.co/lgq76295Qt via @LeDesk_ma…,fr,"[{'screen_name': 'ledesk_ma', 'name': 'le desk', 'id': '2994407410'}, {'screen_name': 'ledesk_ma', 'name': 'le desk', 'id': '2994407410'}]",['https://ledesk.ma/encontinu/la-campagne-de-vaccination-anticovid-19-elargie-aux-personnes-agees-de-20-ans-et-plus/'],[],0,6,0,[],[],https://twitter.com/MaskedAnwaeldin/status/1423924375284236289,TRUE,,0,,,,,2994407410,La campagne de vaccination antiCovid-19 élargie aux personnes âgées de 20 ans et plus https://t.co/lgq76295Qt via @LeDesk_ma #LeDesk #Maroc #Covid19,1.42392E+18,[],2021-08-07 09:29:14 Morocco Daylight Time,,,
